Date,Region,AverageSalesPrice_NewHousesSold,AverageSalesPrice,HomePriceIndex,NewOneFamilyHousesSold,MonthlySupplyofNewHouses,MedianSalesPriceofHousesSold,HomeownershipRate,TotalShipmentsofNewHomes,UnemploymentRate,EconomicPolicyUncertaintyIndex,VacantHousingUnits_1,OccupiedHousingUnits,VacantHousingUnits_2,VacantforOtherReasons,RenterOccupiedHousingUnits,VacantHousingUnits_NotYetOccupied,VacantHousingUnits_forSale,TotalHousingUnits,MedianDaysonMarket,MedianListingPriceperSquareFeet
1990-01-01,United States,151700.0,149500.0,76.527,620.0,7.0,123900.0,64.0,194.0,5.4,127.14,1814.750534922298,91916.94276437482,4900.754385955907,1988.5976180666094,29287.017697062176,606.6736240135588,976.3674919628255,104973.51319685367,6.850266712336823,21.145818841340542
1990-02-01,United States,150900.0,149500.0,76.587,591.0,7.6,123900.0,64.0,198.0,5.3,51.34,1815.7810741583644,91996.76587906724,4905.28753699212,1991.693942094984,29319.19336227803,608.4486504787142,976.7997726499497,105059.1375429811,6.898573268105936,21.26536637949075
1990-03-01,United States,144600.0,149500.0,76.79,574.0,7.8,123900.0,64.0,194.0,5.2,10.12,1816.812198604958,92076.65831427282,4909.824881149779,1994.7950872205993,29351.404376720726,610.2288703770885,977.2322447266827,105144.83173080884,6.947220470951764,21.385589777676692
1990-04-01,United States,153400.0,151200.0,77.038,542.0,8.3,126800.0,63.7,191.0,5.4,71.5,1817.8439085944012,92156.62013019131,4914.366422307481,1997.901060950091,29383.650779226067,612.0142989038064,977.6649082777612,105230.59581730509,6.996210723041654,21.50649285686194
1990-05-01,United States,150600.0,151200.0,77.296,534.0,8.2,126800.0,63.7,188.0,5.4,47.89,1818.8762044592052,92236.65138707477,4918.912164347412,2001.0118708017842,29415.932608672523,613.8049512984513,978.0977633879594,105316.42985948447,7.0455464434824995,21.62807945961181
1990-06-01,United States,150400.0,151200.0,77.505,545.0,7.9,126800.0,63.7,191.0,5.2,71.62,1819.90908653207,92316.7521452276,4923.462111155346,2004.1275243057094,29448.24990398128,615.6008428451947,978.5308101420887,105402.33391440815,7.095230068440201,21.750353450215513
1990-07-01,United States,149800.0,145500.0,77.56,542.0,7.8,117000.0,64.0,188.0,5.5,34.49,1820.9425551458844,92396.92246500652,4928.016266620655,2007.2480290036222,29480.60270411628,617.4019888729273,978.9640486249984,105488.30803918383,7.1452640512599555,21.873318714808942
1990-08-01,United States,144700.0,145500.0,77.479,528.0,8.2,117000.0,64.0,191.0,5.7,108.51,1821.9766106337268,92477.1624068207,4932.574634636307,2010.3733924490207,29512.991048084277,619.2084047553896,979.3974789215753,105574.35229096576,7.1956508625874065,21.9969791614982
1990-09-01,United States,142100.0,145500.0,77.22800000000001,496.0,8.4,117000.0,64.0,185.0,5.9,154.57,1823.0112533288639,92557.47203113178,4937.1372190988695,2013.503622207164,29545.414974934873,621.0201059113028,979.8311011167435,105660.46672695487,7.246392990490639,22.1213387204838
1990-10-01,United States,153000.0,150100.0,76.91199999999999,465.0,8.7,121500.0,64.1,187.0,5.9,127.02,1824.0464835647522,92637.85139845387,4941.704023908516,2016.638725855091,29577.874523760573,622.8371078045012,980.2649152954651,105746.65140439868,7.29749294058304,22.246401344185582
1990-11-01,United States,143300.0,150100.0,76.381,493.0,8.2,121500.0,64.1,180.0,6.2,141.45,1825.0823016750376,92718.30056935368,4946.275052969028,2019.7787109816381,29610.369733696833,624.6594259440634,980.6989215427396,105832.90638059146,7.348953236147026,22.37217100736833
1990-12-01,United States,153400.0,150100.0,75.972,464.0,8.5,121500.0,64.1,170.0,6.3,188.54,1826.1187079935553,92798.81960445047,4950.850310187798,2022.9235851874578,29642.900643922105,626.487075884445,981.1331199436041,105919.2317128742,7.400776418258638,22.498651707268092
1991-01-01,United States,148600.0,151100.0,75.533,401.0,9.4,120000.0,63.9,164.0,6.4,100.44,1827.15570285433,92879.40856441617,4955.42979947583,2026.0733560850372,29675.46729365788,628.3200732256114,981.5675105831335,106005.62745863464,7.45296504591302,22.62584746371922
1991-02-01,United States,147800.0,151100.0,75.25,482.0,7.9,120000.0,63.9,153.0,6.6,175.69,1828.1932865915762,92960.0675099754,4960.013524747749,2029.2280312987161,29708.069722168737,630.158433613171,982.0020935464403,106092.09367530735,7.50552169615078,22.753762319282142
1991-03-01,United States,156400.0,151100.0,75.137,507.0,7.3,120000.0,63.9,160.0,6.8,156.79,1829.231459539698,93040.7965019055,4964.6014899218,2032.3876184647063,29740.707968762403,632.0021727385088,982.4368689186746,106178.63042037372,7.558448964185241,22.882400339371824
1991-04-01,United States,150800.0,148200.0,75.321,508.0,7.3,119900.0,63.9,172.0,6.7,254.81,1830.2702220332899,93121.59560103659,4969.19369891985,2035.5521252311087,29773.382072789776,633.8513063389197,982.8718367850242,106265.23775136209,7.611749463530596,23.011765612386995
1991-05-01,United States,145400.0,148200.0,75.76899999999999,517.0,7.0,119900.0,63.9,174.0,6.9,114.99,1831.3095744071356,93202.46486825166,4973.790155667398,2038.7215592579332,29806.092073645,635.7058501977438,983.3069972307148,106351.91572584765,7.665425826130955,23.141862249840077
1991-06-01,United States,145900.0,148200.0,76.258,516.0,7.0,119900.0,63.9,178.0,6.9,96.11,1832.3495169962098,93283.4043644865,4978.390864093571,2041.8959282171163,29838.838010765485,637.5658201445003,983.7423503410097,106438.6644014526,7.719480702490314,23.272694386487863
1991-07-01,United States,148200.0,145400.0,76.517,511.0,7.1,120000.0,64.2,176.0,6.8,259.33,1833.3900501356768,93364.41415072988,4982.99582813113,2045.07523979254,29871.619923631977,639.4312320550232,984.1778962012099,106525.48383584611,7.773916761803432,23.404266180462923
1991-08-01,United States,141800.0,145400.0,76.594,526.0,6.8,120000.0,64.2,179.0,6.9,147.8,1834.4311741608915,93445.49428802349,4987.605051716477,2048.2595016800506,29904.437851768595,641.3021018515964,984.6136348966544,106612.37408674443,7.828736692087635,23.536581813405757
1991-09-01,United States,147300.0,145400.0,76.579,487.0,7.4,120000.0,64.2,174.0,6.9,145.93,1835.4728894073992,93526.64483746207,4992.218538789651,2051.448721587477,29937.29183474288,643.1784455030897,985.0495665127196,106699.33521191085,7.88394320031555,23.669645490597706
1991-10-01,United States,147400.0,144400.0,76.291,524.0,6.7,120000.0,64.2,171.0,7.0,111.26,1836.5151962109355,93607.86586019339,4996.836293294338,2054.6429072346496,29970.181912165837,645.0602790250956,985.48569113482,106786.36726915579,7.939539012548772,23.803461441094598
1991-11-01,United States,141700.0,144400.0,76.033,575.0,6.2,120000.0,64.2,171.0,7.0,75.93,1837.5580949074272,93689.15741741832,5001.458319177873,2057.842066353419,30003.108123692004,646.947618480065,985.9220088484078,106873.47031633682,7.995526874072474,23.93803391786116
1991-12-01,United States,143000.0,144400.0,75.844,558.0,6.2,120000.0,64.2,175.0,7.3,189.76,1838.601585832991,93770.5195703909,5006.084620391239,2061.046206687674,30036.07050901947,648.8404799774452,986.3585197389732,106960.64441135873,8.05190954953097,24.07336719790618
1992-01-01,United States,144200.0,144500.0,75.706,676.0,5.2,119500.0,64.0,183.0,7.3,112.98,1839.6456693239356,93851.95238041836,5010.715200889075,2064.2553359933613,30069.06910788995,650.7388796738169,986.795223892044,107047.8896121735,8.108689823064232,24.209465582418453
1992-02-01,United States,144800.0,144500.0,75.661,639.0,4.9,119500.0,64.0,187.0,7.4,74.29,1840.6903457167598,93933.45590886114,5015.350064629681,2067.4694620385044,30102.10396008881,652.6428337730324,987.2321213931859,107135.2059767804,8.165870498445363,24.346333396903464
1992-03-01,United States,144800.0,144500.0,75.82,553.0,6.1,119500.0,64.0,195.0,7.4,144.18,1841.7356153481537,94015.03021713301,5019.989215575012,2070.688592603221,30135.17510544513,654.5523585263538,987.6692123280028,107222.59356322602,8.223454399219053,24.48397499132088
1992-04-01,United States,145000.0,145300.0,76.086,546.0,6.1,120000.0,63.9,196.0,7.4,75.3,1842.7814785549986,94096.67536670105,5024.632657690694,2073.9127354797433,30168.282583831748,656.4674702325917,988.1064967821361,107310.05242960427,8.281444368840999,24.62239474022279
1992-05-01,United States,146000.0,145300.0,76.404,554.0,6.0,120000.0,63.9,197.0,7.6,173.33,1843.8279356743674,94178.39141908572,5029.280394946018,2077.1418984724364,30201.426435165304,658.3881852382442,988.5439748412654,107397.58263405647,8.339843270818315,24.761597042892742
1992-06-01,United States,146600.0,145300.0,76.608,596.0,5.6,120000.0,63.9,196.0,7.8,100.73,1844.874987043524,94260.1784358609,5033.932431313947,2080.376089397817,30234.606699406293,660.3145199376366,988.981646591108,107485.18423477134,8.398653988850931,24.901586323485557
1992-07-01,United States,137700.0,141700.0,76.717,627.0,5.3,120000.0,64.3,215.0,7.7,44.54,1845.922632999924,94342.03647865397,5038.588770771119,2083.615316084572,30267.823416559117,662.2464907730614,989.4195121174192,107572.85728998508,8.457879426973985,25.04236703116795
1992-08-01,United States,145300.0,141700.0,76.737,636.0,5.2,120000.0,64.3,207.0,7.6,114.86,1846.9708738812146,94423.9656091458,5043.249417297851,2086.859586373578,30301.076626672126,664.1841142349183,989.8575715059925,107660.60185798141,8.517522509701225,25.183943640259915
1992-09-01,United States,142200.0,141700.0,76.634,650.0,5.0,120000.0,64.3,221.0,7.6,174.33,1848.0197100252349,94505.96588907084,5047.914374878141,2090.108908117921,30334.366369837662,666.1274068618554,990.2958248426592,107748.41799709156,8.577586182169417,25.326320650376957
1992-10-01,United States,148400.0,147200.0,76.604,621.0,5.1,126000.0,64.4,232.0,7.3,180.1,1849.0691417700157,94588.03738021714,5052.583647499672,2093.363289182914,30367.69268619212,668.07638524091,990.7342722132886,107836.30576569434,8.63807341028378,25.469502586573068
1992-11-01,United States,147200.0,147200.0,76.585,614.0,5.4,126000.0,64.4,241.0,7.4,61.29,1850.1191694537797,94670.18014442643,5057.257239153817,2096.622737446116,30401.05561591599,670.0310660076503,991.172913703788,107924.2652222162,8.698987180864433,25.613493999484565
1992-12-01,United States,146200.0,147200.0,76.47,650.0,5.0,126000.0,64.4,253.0,7.4,44.44,1851.1697934149418,94752.39424359411,5061.935153835639,2099.887260797352,30434.455199233904,671.9914658463175,991.6117494001029,108012.29642513124,8.760330501793888,25.758299465474707
1993-01-01,United States,138900.0,144700.0,76.40100000000001,596.0,5.4,125000.0,64.2,248.0,7.3,134.64,1852.2210139921087,94834.67973966939,5066.617395543897,2103.1568671387327,30467.891476414687,673.9576014899682,992.0507793882166,108100.39943296123,8.82210640216557,25.903923586779158
1993-02-01,United States,149400.0,144700.0,76.334,604.0,5.3,125000.0,64.2,248.0,7.1,275.77,1853.2728315240802,94917.0366946552,5071.30396828105,2106.431564384671,30501.364487771403,675.9294897206169,992.4900037541506,108188.57430427571,8.884317932433403,26.050370991652233
1993-03-01,United States,146600.0,144700.0,76.389,602.0,5.4,125000.0,64.2,241.0,7.0,106.73,1854.3252463498477,94999.46517060837,5075.994876053259,2109.711360461905,30534.874273661404,677.9071473693797,992.9294225839645,108276.82109769198,8.946968164562428,26.197646334514015
1993-04-01,United States,148400.0,148900.0,76.667,701.0,4.7,127000.0,64.4,241.0,7.1,79.74,1855.3782588085953,95081.96522963961,5080.690122870388,2112.996263309513,30568.420874486386,679.8905913166177,993.369035963756,108365.13987187514,9.0100601921805,26.345754296098274
1993-05-01,United States,152300.0,148900.0,77.036,626.0,5.3,127000.0,64.4,240.0,7.1,234.33,1856.4318692397,95164.53693391358,5085.389712746014,2116.2862808789355,30602.004330692427,681.8798384920811,993.8088439796609,108453.53068553818,9.073597130731052,26.494699583601225
1993-06-01,United States,145700.0,148900.0,77.52199999999999,653.0,5.2,127000.0,64.4,246.0,7.0,206.72,1857.4860779827313,95247.1803456489,5090.093649697424,2119.5814211339944,30635.624682770038,683.8749058750539,994.2488467178531,108541.99359744193,9.137582117626929,26.644486930831143
1993-07-01,United States,143400.0,148000.0,77.892,655.0,5.3,127000.0,64.7,253.0,6.9,185.92,1858.5408853774516,95329.89552711822,5094.801937745621,2122.8816920509103,30669.28197125422,685.8758104944983,994.6890442645448,108630.5286663952,9.202018312405311,26.795121098358813
1993-08-01,United States,150600.0,148000.0,78.137,645.0,5.5,127000.0,64.7,256.0,6.8,46.81,1859.596291763816,95412.68254064831,5099.514580915329,2126.187101618324,30702.976236724502,687.8825694292009,995.1294367059861,108719.13595125472,9.266908896883733,26.94660687366882
1993-09-01,United States,150100.0,148000.0,78.204,726.0,4.9,127000.0,64.7,263.0,6.7,51.6,1860.652297481973,95495.54144862002,5104.231583234993,2129.4976578373153,30736.707519805,689.8951998079177,995.5700241284657,108807.81551092525,9.332257075317196,27.098949071311726
1993-10-01,United States,146900.0,148300.0,78.178,704.0,5.0,127000.0,64.6,266.0,6.8,115.91,1861.708902872264,95578.4723134684,5108.952948736786,2132.813368721421,30770.475861164457,691.9137188095207,996.01080661831,108896.56740435961,9.3980660745564,27.252152533057064
1993-11-01,United States,152500.0,148300.0,78.176,769.0,4.8,127000.0,64.6,275.0,6.6,65.9,1862.7661082752238,95661.47519768271,5113.678681456609,2136.134242296655,30804.281301516297,693.9381436631443,996.451784261884,108985.3916905587,9.464339144207072,27.406222128047236
1993-12-01,United States,146400.0,148300.0,78.12,812.0,4.5,127000.0,64.6,281.0,6.5,38.51,1863.8239140315807,95744.55016380649,5118.408785434098,2139.4602866015293,30838.123881618674,695.9684916483327,996.8929571455907,109074.28842857153,9.531079556790436,27.561162752952264
1994-01-01,United States,153400.0,153600.0,78.205,619.0,5.9,130000.0,63.8,296.0,6.6,88.68,1864.8823204822563,95827.69727443757,5123.143264712623,2142.7915096870715,30872.003642274518,698.004780095187,997.3343253558716,109163.25767749528,9.598290607904808,27.716979332125405
1994-02-01,United States,150700.0,153600.0,78.211,686.0,5.0,130000.0,63.8,293.0,6.6,106.63,1865.9413279683658,95910.91659222817,5127.882123339297,2146.1279196168452,30905.92062433159,700.0470263845134,997.7758889792062,109252.29949647535,9.66597561638833,27.87367681775967
1994-03-01,United States,152800.0,153600.0,78.355,747.0,4.8,130000.0,63.8,298.0,6.5,179.21,1867.000936831218,95994.2081798849,5132.625365364976,2149.469524466969,30939.874868682524,702.0952479479715,998.2176481021125,109341.41394470536,9.734137924482853,28.031260190045213
1994-04-01,United States,152900.0,154200.0,78.707,692.0,5.2,130000.0,63.8,294.0,6.4,29.66,1868.061147412316,96077.57210016882,5137.37299484426,2152.816332326136,30973.866416264886,704.1494622682229,998.6596028111469,109430.60108142724,9.80278089799897,28.189734457327614
1994-05-01,United States,151800.0,154200.0,79.214,691.0,5.3,130000.0,63.8,297.0,6.1,42.54,1869.121960053356,96161.00841589553,5142.125015835503,2156.1683512956347,31007.89530806121,706.2096868790807,999.1017531929036,109519.86096593124,9.871907926482223,28.34910465626704
1994-06-01,United States,158400.0,154200.0,79.706,621.0,6.2,130000.0,63.8,299.0,6.1,86.25,1870.183375096229,96244.51718993514,5146.881432400812,2159.5255894893667,31041.961585099052,708.2759393656589,999.5440993340158,109609.19365755592,9.941522423380475,28.50937585199835
1994-07-01,United States,144400.0,152800.0,80.068,628.0,6.3,129700.0,64.1,301.0,6.1,114.02,1871.24539288302,96328.09848521237,5151.64224860605,2162.8880550338677,31076.065288451056,710.3482373645229,999.9866413211546,109698.59921568833,10.011627826212461,28.670553138292046
1994-08-01,United States,154900.0,152800.0,80.322,656.0,6.1,129700.0,64.1,303.0,6.0,31.54,1872.308013756008,96411.7523647066,5156.407468520843,2166.2557560683267,31110.20645923498,712.4265985638393,1000.4293792410297,109788.07769976387,10.082227596737535,28.832641637716183
1994-09-01,United States,157200.0,152800.0,80.346,677.0,6.0,129700.0,64.1,305.0,5.9,66.93,1873.3712380576667,96495.47889145187,5161.17709621858,2169.628700744606,31144.385138613758,714.5110407035279,1000.8723131803889,109877.62916926648,10.15332522112661,28.99564650179917
1994-10-01,United States,153000.0,156100.0,80.311,715.0,5.6,132000.0,64.2,315.0,5.8,92.09,1874.435066130664,96579.27812853701,5165.951135776418,2173.0068972272597,31178.60136779554,716.6015815754121,1001.3154432260188,109967.2536837286,10.224924210134292,29.15957291119349
1994-11-01,United States,155400.0,156100.0,80.176,646.0,6.3,132000.0,64.2,317.0,5.6,240.11,1875.4994983178622,96663.15013910561,5170.729591275285,2176.390353693556,31212.85518803376,718.6982390233715,1001.7587694647443,110056.95130273124,10.297028099272255,29.32442607584037
1994-12-01,United States,159600.0,156100.0,80.085,629.0,6.6,132000.0,64.2,343.0,5.5,99.28,1876.564534962319,96747.09498635607,5175.512466799885,2179.779078333494,31247.14664062717,720.8010309434937,1002.2022919834286,110146.72208590397,10.36964044898381,29.49021123513535
1995-01-01,United States,147400.0,153500.0,80.033,626.0,6.8,130000.0,64.2,348.0,5.6,289.84,1877.6301764072862,96831.11273354171,5180.2997664387,2183.1730793498255,31281.475766919884,722.9099752842277,1002.6460108689735,110236.56609292504,10.442764844819722,29.656933658094808
1995-02-01,United States,160200.0,153500.0,79.998,559.0,7.3,130000.0,64.2,329.0,5.4,118.81,1878.696422996211,96915.20344397078,5185.091494283993,2186.572364958074,31315.842608301456,725.0250900465362,1003.0899262083191,110326.48338352138,10.516404897615264,29.824598643523412
1995-03-01,United States,153300.0,153500.0,80.084,616.0,6.8,130000.0,64.2,325.0,5.4,120.07,1879.7632750727353,96999.3671810065,5189.887654431812,2189.976943386556,31350.247206206903,727.1463932840501,1003.5340380884442,110416.47401746862,10.590564243668512,29.99321152018254
1995-04-01,United States,157800.0,158900.0,80.375,621.0,6.7,133900.0,64.7,322.0,5.8,80.55,1880.8307329806964,97083.60400806711,5194.688250981995,2193.386822876398,31384.68960211676,729.273903103222,1003.9783465963659,110506.53805459113,10.665246544919908,30.162777646959636
1995-05-01,United States,158000.0,158900.0,80.697,674.0,6.3,133900.0,64.7,330.0,5.6,44.86,1881.8987970641267,97167.91398862592,5199.493288038173,2196.80201168156,31419.169837557136,731.4076376634811,1004.4228518191401,110596.67555476213,10.740455489133085,30.333302413038524
1995-06-01,United States,160200.0,158900.0,81.074,725.0,5.8,133900.0,64.7,329.0,5.6,58.32,1882.967467667254,97252.29718621139,5204.30276970777,2200.2225180688524,31453.687954099765,733.547615177388,1004.867553843861,110686.88657790361,10.81619479007696,30.504791238070688
1995-07-01,United States,154200.0,157700.0,81.418,765.0,5.6,132000.0,65.0,336.0,5.7,30.38,1884.0367451345014,97336.75366440712,5209.116700102011,2203.6483503179584,31488.243993362055,735.6938539107904,1005.3124527576614,110777.1711839865,10.892468187709124,30.677249572347524
1995-08-01,United States,162000.0,157700.0,81.661,701.0,6.1,132000.0,65.0,340.0,5.7,26.6,1885.1066298104881,97421.28348685193,5213.935083335926,2207.079516721452,31522.83799700713,737.8463721829786,1005.7575486477128,110867.5294330306,10.969279448360517,30.850682896973563
1995-09-01,United States,155600.0,157700.0,81.745,678.0,6.3,132000.0,65.0,348.0,5.6,33.06,1886.1771220400287,97505.88671723992,5218.7579235283465,2210.51602558482,31557.470006743886,740.0051883668422,1006.2028416012253,110957.9613851047,11.046632364921406,31.02509672404067
1995-10-01,United States,156200.0,160900.0,81.733,696.0,6.3,138000.0,65.1,354.0,5.5,70.81,1887.2482221681335,97590.5634193205,5223.585224801918,2213.9578852264804,31592.14006432705,742.1703208890269,1006.6483317054474,111048.46710032657,11.124530757028673,31.20049659680322
1995-11-01,United States,160700.0,160900.0,81.637,664.0,6.8,138000.0,65.1,358.0,5.6,75.98,1888.3199305400085,97675.31365689845,5228.4169912830985,2217.4051039778037,31626.848211557215,744.3417882300918,1007.0940190476664,111139.046638863,11.202978471254431,31.3768880898543
1995-12-01,United States,165600.0,160900.0,81.52,709.0,6.4,138000.0,65.1,369.0,5.6,257.26,1889.3922475010563,97760.13749383393,5233.253227102161,2220.857690183133,31661.594490280902,746.5196089246666,1007.5399037152082,111229.7000609299,11.281979381295963,31.554276809302863
1996-01-01,United States,155300.0,161100.0,81.434,714.0,6.4,137000.0,65.1,355.0,5.6,168.06,1890.4651733968756,97845.03499404258,5238.093936393201,2224.315652199803,31696.378942390602,748.7038015616109,1007.9859857954374,111320.42742679226,11.361537388167005,31.732668392951897
1996-02-01,United States,163700.0,161100.0,81.406,769.0,5.3,137000.0,65.1,344.0,5.5,42.59,1891.5387085732607,97930.00622149555,5242.939123294138,2227.778998398162,31731.20160982483,750.8943847841717,1008.4322653757572,111411.22879676423,11.44165642039037,31.912068510477628
1996-03-01,United States,162100.0,161100.0,81.672,721.0,6.2,137000.0,65.1,365.0,5.5,116.77,1892.6128533762028,98015.05124021955,5247.7887919467175,2231.2477371615905,31766.062534568184,753.0913772901434,1008.8787425436096,111502.10423120919,11.52234043419194,32.092482863609696
1996-04-01,United States,170000.0,166000.0,82.131,736.0,6.0,139900.0,65.4,369.0,5.6,61.5,1893.6876081518897,98100.17011429685,5252.642946496518,2234.7218768865223,31800.961758651374,755.2947978320268,1009.3254173864754,111593.0537905397,11.603593413696023,32.27391718631238
1996-05-01,United States,163300.0,166000.0,82.60799999999999,746.0,5.9,139900.0,65.4,363.0,5.6,176.6,1894.7629732467053,98185.36290786543,5257.50159109295,2238.2014259824655,31835.899324151298,757.5046652171895,1009.7722899918737,111684.07753521766,11.685419371122082,32.45637724496683
1996-06-01,United States,166500.0,166000.0,83.055,721.0,6.0,139900.0,65.4,371.0,5.3,168.99,1895.8389490072307,98270.62968511893,5262.364729889265,2241.6863928720213,31870.875273191075,759.7209983080264,1010.2193604473628,111775.17552575424,11.767822346982861,32.63986883855433
1996-07-01,United States,168400.0,164000.0,83.425,770.0,5.7,140000.0,65.6,364.0,5.5,227.28,1896.9155357802433,98355.97051030674,5267.232367042555,2245.176785990906,31905.889647940105,761.9438160221205,1010.6666288405395,111866.34782270998,11.850806410283898,32.82439779884062
1996-08-01,United States,159700.0,164000.0,83.652,826.0,5.0,140000.0,65.6,369.0,5.1,24.17,1897.992733912718,98441.38544773405,5272.104506713757,2248.67261378797,31940.942490614114,764.1731373324046,1011.1140952590397,111957.59448669484,11.934375658724454,33.00996999056123
1996-09-01,United States,167400.0,164000.0,83.708,770.0,5.2,140000.0,65.6,372.0,5.2,149.9,1899.0705437518263,98526.87456176191,5276.981153067657,2252.1738847252195,31976.033843475212,766.4089812673233,1011.5617597905377,112048.91557836819,12.018534218899852,33.19659131160787
1996-10-01,United States,168400.0,171000.0,83.63600000000001,720.0,5.6,144100.0,65.4,367.0,5.2,28.4,1900.1489656449369,98612.43791680725,5281.862310272893,2255.6806072778354,32011.163748831936,768.651366910995,1012.0096225227469,112140.3111584389,12.103286246505247,33.384267693215875
1996-11-01,United States,172000.0,171000.0,83.56299999999999,771.0,5.2,144100.0,65.4,358.0,5.4,79.59,1901.227999939616,98698.07557734293,5286.747982501961,2259.192789934196,32046.332249039304,770.9003134033751,1012.4576835434194,112231.78128766532,12.18863592654083,33.57300510015275
1996-12-01,United States,171800.0,171000.0,83.49700000000001,805.0,5.0,144100.0,65.4,341.0,5.4,74.98,1902.307646983627,98783.78760789782,5291.638173931214,2262.7104411958953,32081.539386498865,773.1558399404196,1012.9059429403462,112323.32602685541,12.274587473518482,33.76280953090768
1997-01-01,United States,171900.0,172200.0,83.537,830.0,4.7,145000.0,65.4,347.0,5.3,31.65,1903.3879071249305,98869.5740730568,5296.532888740869,2266.233569577765,32116.785203658757,775.4179657742485,1013.3544008013572,112414.9454368667,12.361145131669884,33.95368701788224
1997-02-01,United States,171100.0,172200.0,83.603,801.0,4.5,145000.0,65.4,350.0,5.2,42.14,1904.4687807116854,98955.4350374609,5301.43213111501,2269.762183607895,32152.06974301375,777.6867102133103,1013.8030572143211,112506.63957860637,12.448313175156095,34.14564362758207
1997-03-01,United States,172700.0,172200.0,83.91799999999999,831.0,4.1,145000.0,65.4,351.0,5.2,66.14,1905.5502680922477,99041.37056580721,5306.33590524159,2273.2962918276535,32187.393047105303,779.9620926225468,1014.2519122671457,112598.40851303126,12.536095908278604,34.3386854608097
1997-04-01,United States,179500.0,177200.0,84.32799999999999,744.0,4.7,145800.0,65.7,365.0,5.1,29.09,1906.6323696151715,99127.38072284905,5311.2442153124375,2276.835902791708,32222.755158521606,782.2441324235585,1014.7009660477773,112690.25230114796,12.624497665691877,34.53281865285845
1997-05-01,United States,170700.0,177200.0,84.87200000000001,760.0,4.6,145800.0,65.7,353.0,4.9,31.61,1907.7150856292087,99213.46557339595,5316.157065523258,2280.381025068046,32258.15611989764,784.5328490947703,1015.1502186442017,112782.17100401282,12.713522812617397,34.72804937370743
1997-06-01,United States,179400.0,177200.0,85.405,793.0,4.4,145800.0,65.7,355.0,5.0,138.46,1908.7984164833094,99299.62518231376,5321.074460073637,2283.931667237995,32293.595973915235,786.8282621715977,1015.5996701444432,112874.16468273196,12.80317574505922,34.9243838282176
1997-07-01,United States,175500.0,174700.0,85.848,805.0,4.4,145000.0,66.0,356.0,4.9,40.88,1909.8823625266216,99385.85961452461,5325.996403167046,2287.4878378962453,32329.0747633031,789.1303912466134,1016.0493206365652,112966.23339846138,12.89346089002104,35.121828256329024
1997-08-01,United States,170700.0,174700.0,86.15700000000001,815.0,4.3,145000.0,66.0,356.0,4.8,100.22,1910.9669241084919,99472.16893500704,5330.922899010843,2291.0495456508684,32364.592530836893,791.4392559697151,1016.4991702086702,113058.37721240694,12.984382705724798,35.32038893325915
1997-09-01,United States,177500.0,174700.0,86.318,840.0,4.2,145000.0,66.0,354.0,4.9,49.68,1912.052101578465,99558.55320879602,5335.85395181628,2294.6167991233397,32400.149319339267,793.7548760482924,1016.9492189488997,113150.59618582443,13.075945681830826,35.52007216970228
1997-10-01,United States,172900.0,175400.0,86.415,800.0,4.3,144200.0,65.7,351.0,4.7,179.79,1913.1378952862842,99645.01250098298,5340.789565798501,2298.1896069485574,32435.74517167992,796.077271247396,1017.399466945434,113242.8903800196,13.168154339659534,35.7208843120301
1997-11-01,United States,175400.0,175400.0,86.639,864.0,3.9,144200.0,65.7,352.0,4.6,156.83,1914.2243055818915,99731.5468767159,5345.729745176553,2301.767977774866,32471.380130775648,798.4064613899053,1017.8499142864928,113335.25985634823,13.261013232414683,35.92283174249342
1997-12-01,United States,175800.0,175400.0,86.855,793.0,4.4,144200.0,65.7,354.0,4.7,41.02,1915.3113328154275,99818.15640119933,5350.674494173381,2305.3519202640746,32507.054239590398,800.7424663566985,1018.3005610603345,113427.70467621612,13.354526945408212,36.125920879424996
1998-01-01,United States,178600.0,180000.0,87.17,872.0,4.0,152200.0,65.9,361.0,4.6,203.27,1916.3989773372316,99904.84113969444,5355.623817015842,2308.94144309148,32542.76754113532,803.0853060868219,1018.7514073552568,113520.22490107916,13.448700096286657,36.330158177443515
1998-02-01,United States,181600.0,180000.0,87.38,866.0,3.9,152200.0,65.9,370.0,4.6,82.67,1917.4872394978422,99991.60115751908,5360.577717934698,2312.5365549458857,32578.520078468813,805.43500057766,1019.2024532595964,113612.82059244339,13.543537335259172,36.53555012765875
1998-03-01,United States,178500.0,180000.0,87.884,836.0,4.1,152200.0,65.9,370.0,4.7,33.1,1918.5761196479968,100078.43652004779,5365.536201164625,2316.137264529625,32614.311894696584,807.7915698851067,1019.6536988617291,113705.49181186498,13.63904334532715,36.74210325787786
1998-04-01,United States,176700.0,178800.0,88.565,866.0,4.0,149500.0,66.0,369.0,4.3,70.54,1919.6656181386322,100165.34729271194,5370.499270944218,2319.743580558581,32650.1430329717,810.1550341237356,1020.10514425007,113798.23862095035,13.735222842515464,36.94982413281284
1998-05-01,United States,183500.0,178800.0,89.381,887.0,3.9,149500.0,66.0,372.0,4.4,76.03,1920.7557353208842,100252.3335409997,5375.466931515992,2323.3555117622072,32686.013536494633,812.5254134669726,1020.5567895130731,113891.06108135615,13.832080576105348,37.158719354289204
1998-06-01,United States,175900.0,178800.0,90.20200000000001,923.0,3.8,149500.0,66.0,366.0,4.5,42.46,1921.8464715460882,100339.39533045609,5380.439187126385,2326.9730668835496,32721.923448513317,814.9027281472676,1021.0086347392318,113983.95925478933,13.92962132886891,37.36879556145575
1998-07-01,United States,179800.0,184300.0,90.867,876.0,4.0,153000.0,66.8,380.0,4.5,76.85,1922.937827165779,100426.53272668306,5385.416042025765,2330.5962546792675,32757.8728123232,817.2869984562672,1021.4606800170783,114076.93320300715,14.0278499173053,37.580059430995604
1998-08-01,United States,186500.0,184300.0,91.414,846.0,4.1,153000.0,66.8,371.0,4.5,385.54,1924.029802531691,100513.74579533955,5390.39750046843,2334.2250839196545,32793.861671267296,819.678244744988,1021.9129254351844,114169.98298781727,14.12677119187855,37.79251767733842
1998-09-01,United States,182700.0,184300.0,91.759,864.0,4.1,153000.0,66.8,373.0,4.6,165.53,1925.1223979957585,100601.03460214152,5395.383566712613,2337.8595633886594,32829.89006873624,822.0764874239906,1022.3653710821611,114263.10867107777,14.226390037257083,38.006177052873745
1998-10-01,United States,182800.0,181500.0,92.006,893.0,4.0,153000.0,66.4,379.0,4.5,56.04,1926.2156139101157,100688.39921286197,5400.374245020487,2341.499701883909,32865.95804816833,824.4817469635531,1022.8180170466584,114356.31031469717,14.326711372554914,38.22104434816568
1998-11-01,United States,178600.0,181500.0,92.204,995.0,3.5,153000.0,66.4,389.0,4.4,50.31,1927.3094506270963,100775.83969333104,5405.369539658167,2345.1455082167276,32902.0656530496,826.8940438938464,1023.2708634173656,114449.58798063447,14.427740151574561,38.437126392168636
1998-12-01,United States,183300.0,181500.0,92.45100000000001,949.0,3.8,153000.0,66.4,382.0,4.4,47.53,1928.4039084992348,100863.35610943605,5410.369454895714,2348.7969912121594,32938.21292691384,829.3133988051094,1023.7239102830113,114542.94173089926,14.529481363051648,38.654430052444425
1999-01-01,United States,182900.0,189100.0,92.721,875.0,3.9,157400.0,66.7,390.0,4.3,149.1,1929.4989878792653,100950.9485271215,5415.373995007138,2352.454159708989,32974.399913342684,831.7398323478245,1024.1771577323634,114636.37162755165,14.631940030901257,38.872962235380506
1999-02-01,United States,191400.0,189100.0,92.988,848.0,4.0,157400.0,66.7,381.0,4.4,68.46,1930.5946891201222,101038.61701238918,5420.3831642704035,2356.117022559765,33010.626655965636,834.173365232894,1024.630605854229,114729.87773270241,14.735121214465998,39.09272988640948
1999-03-01,United States,189300.0,189100.0,93.618,863.0,4.1,157400.0,66.7,383.0,4.2,48.21,1931.691012574941,101126.36163129822,5425.3969669674325,2359.785588630817,33046.893198460144,836.6140182318168,1025.084254737455,114823.46010851298,14.839030008765839,39.31373999022984
1999-04-01,United States,192200.0,191800.0,94.443,918.0,3.9,158700.0,66.6,368.0,4.3,34.44,1932.7879585970568,101214.18244996508,5430.415407384106,2363.4598668022822,33083.19958455163,839.0618121768659,1025.538104470927,114917.11881719547,14.943671544749694,39.53599957102796
1999-05-01,United States,187900.0,191800.0,95.368,888.0,4.0,158700.0,66.6,365.0,4.2,53.14,1933.885527540006,101302.07953456367,5435.438489810272,2367.1398659681236,33119.54585801356,841.5167679612662,1025.9921551435702,115010.85392101275,15.049050989548787,39.75951569270132
1999-06-01,United States,193900.0,191800.0,96.37100000000001,923.0,3.9,158700.0,66.6,355.0,4.3,66.53,1934.9837197575257,101390.05295132534,5440.466218539744,2370.825595036152,33155.93206266749,843.9789065393724,1026.4464068443492,115104.66548227848,15.155173546731803,39.98429545908305
1999-07-01,United States,189100.0,193000.0,97.2,900.0,4.0,159100.0,67.0,336.0,4.3,34.65,1936.0825356035537,101478.10276653897,5445.498597870308,2374.5170629280497,33192.35824238312,846.4482489268482,1026.900859662268,115198.55356335713,15.262044456561831,40.21034601416767
1999-08-01,United States,193100.0,193000.0,97.905,893.0,4.0,159100.0,67.0,340.0,4.2,25.47,1937.1819754322285,101566.229046551,5450.535632103725,2378.214278579388,33228.824441078345,848.924816200846,1027.35551368637,115292.51822666406,15.369668996255132,40.43767454233816
1999-09-01,United States,194800.0,193000.0,98.40700000000001,826.0,4.5,159100.0,67.0,320.0,4.2,28.29,1938.2820395978904,101654.4318577655,5455.577325545737,2381.917250939653,33265.33070271931,851.408629500186,1027.8103690057378,115386.55953466555,15.47805248024172,40.66628826859428
1999-10-01,United States,200200.0,204800.0,98.839,872.0,4.2,165300.0,66.9,321.0,4.1,122.43,1939.3827284550805,101742.7112666442,5460.623682506067,2385.6259889722646,33301.877071320465,853.8997100255373,1028.2654257094937,115480.6775498788,15.587200260427785,40.896194458782226
1999-11-01,United States,211500.0,204800.0,99.156,863.0,4.3,165300.0,66.9,316.0,4.1,57.28,1940.4840423585413,101831.06733970654,5465.674707298425,2389.3405016546,33338.463590944615,856.3980790395987,1028.7206838867994,115574.87233487204,15.697117726459972,41.12740041982552
1999-12-01,United States,202100.0,204800.0,99.55,873.0,4.3,165300.0,66.9,304.0,4.0,29.57,1941.5859816632167,101919.50014352973,5470.730404240511,2393.0607979780134,33375.09030570297,858.90375786728,1029.1761436268562,115669.1439522645,15.807810305991508,41.359913499957266
2000-01-01,United States,200300.0,202900.0,100.00,873.0,4.3,165300.0,67.1,304.0,4.0,55.95,1942.688546724252,102008.00974474881,5475.79077765402,2396.78688694786,33411.757259755206,861.4167678958843,1029.6318050189047,115763.49246472649,15.919283464950228,41.59374108895367
2000-02-01,United States,199200.0,202900.0,100.571,856.0,4.3,165300.0,67.1,291.0,4.1,36.19,1943.7917378969948,102096.59621005667,5480.855831864641,2400.5187775835157,33448.46449730951,863.9371305752903,1030.0876681522252,115857.91793497947,16.03154270780847,41.82889061836893
2000-03-01,United States,204900.0,202900.0,101.46600000000001,900.0,4.3,165300.0,67.1,287.0,4.0,69.33,1944.895555536994,102185.25960620414,5485.925571202069,2404.2564789184007,33485.21206262265,866.4648674181356,1030.5437331161372,115952.42042579604,16.144593577854884,42.065369561771405
2000-04-01,United States,207300.0,202400.0,102.541,841.0,4.4,163200.0,67.2,271.0,3.8,48.25,1946.0,102274.0,5491.0,2408.0,33522.0,869.0,1031.0,116047.0,16.258441657468165,42.303185434981145
2000-05-01,United States,200000.0,202400.0,103.70200000000001,857.0,4.4,163200.0,67.2,265.0,4.0,50.57,1946.0,102274.0,5491.0,2408.0,33522.0,869.0,1031.0,116047.0,16.37309256839269,42.54234579630878
2000-06-01,United States,197700.0,202400.0,104.85600000000001,793.0,4.8,163200.0,67.2,262.0,4.0,47.4,1946.0,102274.0,5491.0,2408.0,33522.0,869.0,1031.0,116047.0,16.48855197201613,42.78285824679571
2000-07-01,United States,202200.0,204100.0,105.72200000000001,887.0,4.1,168800.0,67.7,251.0,4.0,72.25,1856.0,102896.0,5135.0,2317.0,33201.0,1001.0,1144.0,116482.0,16.604825569649005,43.024730430455705
2000-08-01,United States,200200.0,204100.0,106.522,848.0,4.4,168800.0,67.7,249.0,4.1,26.27,1856.0,102896.0,5135.0,2317.0,33201.0,1001.0,1144.0,116482.0,16.7219191028062,43.26797003451784
2000-09-01,United States,208300.0,204100.0,107.13600000000001,912.0,4.0,168800.0,67.7,231.0,3.9,140.95,1856.0,102896.0,5135.0,2317.0,33201.0,1001.0,1144.0,116482.0,16.839838353490492,43.512584789670804
2000-10-01,United States,215100.0,212100.0,107.729,933.0,4.0,172900.0,67.5,213.0,3.9,43.8,1728.0,103646.0,5139.0,2434.0,33635.0,730.0,1154.0,116914.0,16.95858914447805,43.758582470308625
2000-11-01,United States,210700.0,212100.0,108.292,880.0,4.2,172900.0,67.5,196.0,3.9,167.48,1728.0,103646.0,5139.0,2434.0,33635.0,730.0,1154.0,116914.0,17.07817733960597,44.005970894777725
2000-12-01,United States,208100.0,212100.0,108.792,983.0,3.6,172900.0,67.5,176.0,3.9,266.22,1728.0,103646.0,5139.0,2434.0,33635.0,730.0,1154.0,116914.0,17.19860884406181,44.25475792562542
2001-01-01,United States,209000.0,211000.0,109.215,936.0,3.8,169800.0,67.5,167.0,4.2,115.77,1786.0,103456.0,5554.0,2641.0,33552.0,769.0,1104.0,117347.0,17.319889604675204,44.50495146984981
2001-02-01,United States,211000.0,211000.0,109.64299999999999,963.0,3.7,169800.0,67.5,180.0,4.2,173.46,1786.0,103456.0,5554.0,2641.0,33552.0,769.0,1104.0,117347.0,17.44202561021151,44.75655947915108
2001-03-01,United States,210200.0,211000.0,110.39399999999999,939.0,3.8,169800.0,67.5,182.0,4.3,40.83,1786.0,103456.0,5554.0,2641.0,33552.0,769.0,1104.0,117347.0,17.565022891667514,45.00958995018422
2001-04-01,United States,205500.0,211200.0,111.24799999999999,909.0,3.9,179000.0,67.7,188.0,4.4,52.21,1827.0,103411.0,5400.0,2536.0,33430.0,993.0,1258.0,117786.0,17.688887522569257,45.264050924813176
2001-05-01,United States,211400.0,211200.0,112.20299999999999,885.0,4.0,179000.0,67.7,191.0,4.3,56.66,1827.0,103411.0,5400.0,2536.0,33430.0,993.0,1258.0,117786.0,17.813625619271928,45.51995049036644
2001-06-01,United States,211700.0,211200.0,113.273,882.0,4.2,179000.0,67.7,200.0,4.5,62.0,1827.0,103411.0,5400.0,2536.0,33430.0,993.0,1258.0,117786.0,17.939243341261896,45.77729677989408
2001-07-01,United States,209300.0,207800.0,114.227,880.0,4.2,172500.0,68.1,196.0,4.6,223.69,1849.0,104228.0,5176.0,2386.0,33223.0,944.0,1375.0,118216.0,18.065746891460858,46.03609797242623
2001-08-01,United States,207500.0,207800.0,114.98899999999999,866.0,4.4,172500.0,68.1,199.0,4.9,61.89,1849.0,104228.0,5176.0,2386.0,33223.0,944.0,1375.0,118216.0,18.193142516532124,46.29636229323303
2001-09-01,United States,203300.0,207800.0,115.465,853.0,4.4,172500.0,68.1,203.0,5.0,336.96,1849.0,104228.0,5176.0,2386.0,33223.0,944.0,1375.0,118216.0,18.321436507189095,46.55809801408607
2001-10-01,United States,207100.0,214200.0,115.681,871.0,4.3,171100.0,68.0,202.0,5.3,170.72,1842.0,104698.0,5328.0,2455.0,33468.0,723.0,1315.0,118635.0,18.45063519850587,46.82131345352124
2001-11-01,United States,206900.0,214200.0,115.838,924.0,4.1,171100.0,68.0,199.0,5.5,116.56,1842.0,104698.0,5328.0,2455.0,33468.0,723.0,1315.0,118635.0,18.580744970230096,47.08601697710316
2001-12-01,United States,228700.0,214200.0,116.055,979.0,3.8,171100.0,68.0,199.0,5.7,181.41,1842.0,104698.0,5328.0,2455.0,33468.0,723.0,1315.0,118635.0,18.711772247097965,47.352216997690995
2002-01-01,United States,226900.0,227600.0,116.43700000000001,880.0,4.2,188700.0,67.8,194.0,5.7,229.05,1786.0,104719.0,5423.0,2560.0,33707.0,761.0,1200.0,119061.0,18.843723499151483,47.61992197570591
2002-02-01,United States,226500.0,227600.0,116.916,948.0,4.0,188700.0,67.8,186.0,5.7,221.66,1786.0,104719.0,5423.0,2560.0,33707.0,761.0,1200.0,119061.0,18.976605242057957,47.88914041939989
2002-03-01,United States,227100.0,227600.0,117.929,923.0,4.1,188700.0,67.8,171.0,5.7,138.6,1786.0,104719.0,5423.0,2560.0,33707.0,761.0,1200.0,119061.0,19.110424037431724,48.1598808851262
2002-04-01,United States,228100.0,227600.0,119.209,936.0,4.3,187200.0,67.6,176.0,5.9,67.62,1772.0,105276.0,5347.0,2618.0,34119.0,907.0,1229.0,119483.0,19.245186493158165,48.43215197761131
2002-05-01,United States,226500.0,227600.0,120.788,978.0,4.0,187200.0,67.6,173.0,5.8,76.14,1772.0,105276.0,5347.0,2618.0,34119.0,907.0,1229.0,119483.0,19.38089926372,48.70596235022836
2002-06-01,United States,225200.0,227600.0,122.333,957.0,4.2,187200.0,67.6,171.0,5.8,129.79,1772.0,105276.0,5347.0,2618.0,34119.0,907.0,1229.0,119483.0,19.517569050525875,48.981320705272196
2002-07-01,United States,217800.0,219100.0,123.68799999999999,956.0,4.2,178100.0,68.0,169.0,5.8,99.31,1793.0,105527.0,5265.0,2501.0,33813.0,889.0,1218.0,119909.0,19.655202602241285,49.258235794235944
2002-08-01,United States,221300.0,219100.0,124.73,1014.0,4.0,178100.0,68.0,166.0,5.7,64.35,1793.0,105527.0,5265.0,2501.0,33813.0,889.0,1218.0,119909.0,19.793806715121804,49.53671641808915
2002-09-01,United States,215300.0,219100.0,125.495,1044.0,3.9,178100.0,68.0,162.0,5.7,135.82,1793.0,105527.0,5265.0,2501.0,33813.0,889.0,1218.0,119909.0,19.93338823334869,49.81677142755749
2002-10-01,United States,231300.0,232500.0,126.13799999999999,1006.0,4.0,190100.0,68.3,156.0,5.7,65.57,1952.0,105759.0,5486.0,2546.0,33572.0,821.0,1249.0,120350.0,20.073954049366847,50.09840972340409
2002-11-01,United States,227100.0,232500.0,126.64299999999999,1024.0,4.0,190100.0,68.3,150.0,5.9,99.26,1952.0,105759.0,5486.0,2546.0,33572.0,821.0,1249.0,120350.0,20.215511104225165,50.38164025671238
2002-12-01,United States,237800.0,232500.0,127.15100000000001,1048.0,4.0,190100.0,68.3,144.0,6.0,208.16,1952.0,105759.0,5486.0,2546.0,33572.0,821.0,1249.0,120350.0,20.35806638791926,50.66647202917059
2003-01-01,United States,230200.0,233100.0,127.652,999.0,4.0,186000.0,68.0,141.0,5.8,126.75,2002.0,105884.0,5724.0,2572.0,33917.0,830.0,1248.0,120792.0,20.501626939736642,50.95291409335786
2003-02-01,United States,233400.0,233100.0,128.326,936.0,4.5,186000.0,68.0,138.0,5.9,204.15,2002.0,105884.0,5724.0,2572.0,33917.0,830.0,1248.0,120792.0,20.64619984860432,51.24097555303193
2003-03-01,United States,231100.0,233100.0,129.308,999.0,4.1,186000.0,68.0,128.0,5.9,170.18,2002.0,105884.0,5724.0,2572.0,33917.0,830.0,1248.0,120792.0,20.79179225343882,51.530665563418474
2003-04-01,United States,237200.0,241000.0,130.488,1012.0,4.1,191800.0,68.0,131.0,6.0,141.38,2060.0,105989.0,5762.0,2766.0,33901.0,1000.0,1256.0,121233.0,20.93841134349874,51.82199333150209
2003-05-01,United States,243700.0,241000.0,131.84,1078.0,3.9,191800.0,68.0,130.0,6.1,78.81,2060.0,105989.0,5762.0,2766.0,33901.0,1000.0,1256.0,121233.0,21.08606435873971,52.11496811631893
2003-06-01,United States,239700.0,241000.0,133.225,1193.0,3.5,191800.0,68.0,131.0,6.3,69.28,2060.0,105989.0,5762.0,2766.0,33901.0,1000.0,1256.0,121233.0,21.234758590171918,52.40959922925092
2003-07-01,United States,248400.0,248100.0,134.64700000000002,1168.0,3.6,191900.0,68.4,137.0,6.2,124.04,1963.0,106068.0,5631.0,2713.0,33503.0,1078.0,1419.0,121682.0,21.384501380220144,52.70589603432176
2003-08-01,United States,241000.0,248100.0,135.965,1206.0,3.5,191900.0,68.4,129.0,6.1,97.49,1963.0,106068.0,5631.0,2713.0,33503.0,1078.0,1419.0,121682.0,21.5353001230863,53.00386794849449
2003-09-01,United States,254500.0,248100.0,137.076,1131.0,3.8,191900.0,68.4,128.0,6.1,83.49,1963.0,106068.0,5631.0,2713.0,33503.0,1078.0,1419.0,121682.0,21.687162265114576,53.30352444197079
2003-10-01,United States,242800.0,256000.0,137.976,1144.0,3.8,198800.0,68.6,126.0,6.0,73.24,1977.0,106505.0,5690.0,2756.0,33414.0,1019.0,1339.0,122159.0,21.840095305159114,53.604875038491976
2003-11-01,United States,268300.0,256000.0,138.766,1093.0,4.1,198800.0,68.6,125.0,5.8,118.51,1977.0,106505.0,5690.0,2756.0,33414.0,1019.0,1339.0,122159.0,21.99410679495431,53.90792931564169
2003-12-01,United States,253900.0,256000.0,139.628,1129.0,4.0,198800.0,68.6,126.0,5.7,68.15,1977.0,106505.0,5690.0,2756.0,33414.0,1019.0,1339.0,122159.0,22.149204339487707,54.21269690515026
2004-01-01,United States,262100.0,262900.0,140.705,1165.0,3.8,212700.0,68.6,122.0,5.7,18.15,2049.0,106738.0,6006.0,2920.0,33479.0,942.0,1283.0,122632.0,22.305395597375526,54.51918749320087
2004-02-01,United States,264100.0,262900.0,142.02700000000002,1159.0,3.7,212700.0,68.6,123.0,5.6,66.03,2049.0,106738.0,6006.0,2920.0,33479.0,942.0,1283.0,122632.0,22.46268828124085,54.827410820737356
2004-03-01,United States,261000.0,262900.0,144.079,1276.0,3.6,212700.0,68.6,133.0,5.8,93.16,2049.0,106738.0,6006.0,2920.0,33479.0,942.0,1283.0,122632.0,22.621090158094464,55.13737668377384
2004-04-01,United States,269300.0,265300.0,146.18,1186.0,4.0,217600.0,69.2,129.0,5.6,43.95,1983.0,107020.0,5886.0,2827.0,32913.0,1089.0,1272.0,123099.0,22.780609049718375,55.44909493370603
2004-05-01,United States,260400.0,265300.0,148.336,1241.0,3.8,217600.0,69.2,129.0,5.6,25.29,1983.0,107020.0,5886.0,2827.0,32913.0,1089.0,1272.0,123099.0,22.94125283305206,55.762575477624345
2004-06-01,United States,263200.0,265300.0,150.52,1180.0,3.9,217600.0,69.2,129.0,5.6,111.42,1983.0,107020.0,5886.0,2827.0,32913.0,1089.0,1272.0,123099.0,23.103029440581423,56.077828278628786
2004-07-01,United States,279200.0,274000.0,152.338,1088.0,4.5,213500.0,69.0,129.0,5.5,70.61,1976.0,107932.0,5739.0,2725.0,33429.0,1058.0,1333.0,123587.0,23.265946860730487,56.394863356145564
2004-08-01,United States,272200.0,274000.0,153.815,1175.0,4.3,213500.0,69.0,127.0,5.4,26.87,1976.0,107932.0,5739.0,2725.0,33429.0,1058.0,1333.0,123587.0,23.430013138255866,56.71369078624555
2004-09-01,United States,269200.0,274000.0,155.109,1214.0,4.1,213500.0,69.0,134.0,5.4,37.0,1976.0,107932.0,5739.0,2725.0,33429.0,1058.0,1333.0,123587.0,23.595236374644003,57.034320701964525
2004-10-01,United States,289600.0,286300.0,156.3,1305.0,3.9,228800.0,69.2,136.0,5.5,133.86,1940.0,108735.0,5732.0,2629.0,33502.0,910.0,1389.0,124096.0,23.761624728511226,57.356763293625214
2004-11-01,United States,283200.0,286300.0,157.498,1179.0,4.3,228800.0,69.2,135.0,5.4,43.85,1940.0,108735.0,5732.0,2629.0,33502.0,910.0,1389.0,124096.0,23.929186416006605,57.68102880916116
2004-12-01,United States,284300.0,286300.0,158.671,1242.0,4.1,228800.0,69.2,133.0,5.4,24.36,1940.0,108735.0,5732.0,2629.0,33502.0,910.0,1389.0,124096.0,24.097929711217663,58.00712755444244
2005-01-01,United States,283000.0,288500.0,160.131,1203.0,4.4,232500.0,69.1,149.0,5.3,83.61,1996.0,108863.0,5978.0,2721.0,33612.0,925.0,1401.0,124611.0,24.267862946578948,58.33506989360319
2005-02-01,United States,289100.0,288500.0,161.925,1319.0,4.3,232500.0,69.1,138.0,5.4,43.62,1996.0,108863.0,5978.0,2721.0,33612.0,925.0,1401.0,124611.0,24.438994513283482,58.66486624937101
2005-03-01,United States,289600.0,288500.0,164.577,1328.0,4.1,232500.0,69.1,126.0,5.2,83.11,1996.0,108863.0,5978.0,2721.0,33612.0,925.0,1401.0,124611.0,24.61133286169711,58.99652710339821
2005-04-01,United States,289100.0,287800.0,167.00099999999998,1260.0,4.3,233700.0,68.6,131.0,5.2,148.21,1971.0,109057.0,5875.0,2780.0,34260.0,1086.0,1384.0,125118.0,24.78488650177578,59.33006299659496
2005-05-01,United States,287400.0,287800.0,169.546,1286.0,4.2,233700.0,68.6,127.0,5.1,69.66,1971.0,109057.0,5875.0,2780.0,34260.0,1086.0,1384.0,125118.0,24.95966400348575,59.665484529464294
2005-06-01,United States,279600.0,287800.0,172.017,1274.0,4.3,233700.0,68.6,128.0,5.0,67.14,1971.0,109057.0,5875.0,2780.0,34260.0,1086.0,1384.0,125118.0,25.135673997226768,60.002802362439
2005-07-01,United States,289300.0,294600.0,174.09900000000002,1389.0,4.2,236400.0,68.8,128.0,5.0,35.3,1824.0,109736.0,5479.0,2623.0,34256.0,1207.0,1500.0,125619.0,25.31292517425825,60.34202721622046
2005-08-01,United States,295000.0,294600.0,175.924,1255.0,4.5,236400.0,68.8,124.0,4.9,34.98,1824.0,109736.0,5479.0,2623.0,34256.0,1207.0,1500.0,125619.0,25.491426287128434,60.68316987211936
2005-09-01,United States,299600.0,294600.0,177.612,1244.0,4.7,236400.0,68.8,136.0,5.0,71.1,1824.0,109736.0,5479.0,2623.0,34256.0,1207.0,1500.0,125619.0,25.67118615010658,61.02624117239835
2005-10-01,United States,293600.0,294200.0,178.753,1336.0,4.5,243600.0,69.0,194.0,5.0,110.84,1846.0,110281.0,5682.0,2688.0,34162.0,1072.0,1585.0,126104.0,25.852213639618206,61.37125202061663
2005-11-01,United States,294400.0,294200.0,179.675,1214.0,5.0,243600.0,69.0,210.0,5.0,53.48,1846.0,110281.0,5682.0,2688.0,34162.0,1072.0,1585.0,126104.0,26.03451769468342,61.7182133819765
2005-12-01,United States,290200.0,294200.0,180.108,1239.0,4.9,243600.0,69.0,183.0,4.9,127.04,1846.0,110281.0,5682.0,2688.0,34162.0,1072.0,1585.0,126104.0,26.2181073173583,62.067136283671836
2006-01-01,United States,301000.0,305300.0,180.828,1174.0,5.3,247700.0,68.5,163.0,4.7,50.45,1856.0,110350.0,5896.0,2700.0,34757.0,1081.0,1593.0,126584.0,26.402991573179417,62.418031815238585
2006-02-01,United States,307900.0,305300.0,181.5,1061.0,6.1,247700.0,68.5,146.0,4.8,57.41,1856.0,110350.0,5896.0,2700.0,34757.0,1081.0,1593.0,126584.0,26.589179591611497,62.770911128907194
2006-03-01,United States,298800.0,305300.0,182.74900000000002,1116.0,5.9,247700.0,68.5,135.0,4.7,31.92,1856.0,110350.0,5896.0,2700.0,34757.0,1081.0,1593.0,126584.0,26.77668056649821,63.12578543995707
2006-04-01,United States,310300.0,302600.0,183.648,1123.0,6.3,246300.0,68.7,126.0,4.7,71.12,1871.0,110560.0,5845.0,2756.0,34588.0,1198.0,1746.0,127072.0,26.96550375651617,63.482666027073016
2006-05-01,United States,293900.0,302600.0,184.38,1086.0,6.2,246300.0,68.7,122.0,4.6,102.87,1871.0,110560.0,5845.0,2756.0,34588.0,1198.0,1746.0,127072.0,27.155658485632117,63.84156423270369
2006-06-01,United States,305000.0,302600.0,184.547,1074.0,6.3,246300.0,68.7,116.0,4.6,136.32,1871.0,110560.0,5845.0,2756.0,34588.0,1198.0,1746.0,127072.0,27.347154143563323,64.20249146342209
2006-07-01,United States,311300.0,308100.0,184.607,965.0,7.3,235600.0,69.0,110.0,4.7,85.5,1873.0,110779.0,5768.0,2761.0,34359.0,1172.0,1954.0,127548.0,27.540000186241265,64.5654591902881
2006-08-01,United States,317300.0,308100.0,184.40400000000002,1035.0,6.7,235600.0,69.0,108.0,4.7,38.02,1873.0,110779.0,5768.0,2761.0,34359.0,1172.0,1954.0,127548.0,27.734206136278537,64.93047894921304
2006-09-01,United States,296200.0,308100.0,184.19799999999998,1016.0,6.7,235600.0,69.0,102.0,4.5,53.98,1873.0,110779.0,5768.0,2761.0,34359.0,1172.0,1954.0,127548.0,27.929781583439077,65.29756234132633
2006-10-01,United States,306800.0,299600.0,184.053,941.0,7.3,245400.0,68.9,98.0,4.4,38.38,1920.0,111096.0,5844.0,2775.0,34552.0,1025.0,2121.0,127991.0,28.126736185111703,65.66672103334416
2006-11-01,United States,291800.0,299600.0,183.63,1003.0,6.6,245400.0,68.9,97.0,4.5,110.48,1920.0,111096.0,5844.0,2775.0,34552.0,1025.0,2121.0,127991.0,28.325079666786994,66.03796675794032
2006-12-01,United States,301900.0,299600.0,183.229,998.0,6.5,245400.0,68.9,97.0,4.4,155.94,1920.0,111096.0,5844.0,2775.0,34552.0,1025.0,2121.0,127991.0,28.524821822537522,66.41131131411909
2007-01-01,United States,314600.0,322100.0,182.718,891.0,7.2,257400.0,68.4,97.0,4.6,110.31,1997.0,110715.0,6225.0,2966.0,35031.0,1098.0,2198.0,128439.0,28.72597251550147,66.7867665675902
2007-02-01,United States,321500.0,322100.0,182.47099999999998,828.0,7.9,257400.0,68.4,97.0,4.5,50.63,1997.0,110715.0,6225.0,2966.0,35031.0,1098.0,2198.0,128439.0,28.92854167836969,67.16434445114602
2007-03-01,United States,329400.0,322100.0,182.19299999999998,833.0,7.9,257400.0,68.4,98.0,4.4,55.33,1997.0,110715.0,6225.0,2966.0,35031.0,1098.0,2198.0,128439.0,29.132539313876144,67.54405696504071
2007-04-01,United States,311700.0,310100.0,182.13099999999997,887.0,7.4,242200.0,68.2,98.0,4.5,32.94,2044.0,111342.0,6148.0,2985.0,35390.0,1210.0,2055.0,128888.0,29.337975495291857,67.92591617737169
2007-05-01,United States,309700.0,310100.0,181.885,842.0,7.8,242200.0,68.2,97.0,4.4,42.02,2044.0,111342.0,6148.0,2985.0,35390.0,1210.0,2055.0,128888.0,29.544860366922315,68.30993422446318
2007-06-01,United States,306500.0,310100.0,181.54,793.0,8.2,242200.0,68.2,98.0,4.6,29.7,2044.0,111342.0,6148.0,2985.0,35390.0,1210.0,2055.0,128888.0,29.753204144608386,68.69612331125191
2007-07-01,United States,307100.0,301200.0,180.993,778.0,8.3,241800.0,68.2,96.0,4.7,21.01,1987.0,111251.0,6225.0,3143.0,35436.0,1234.0,2093.0,129300.0,29.963017116230777,69.084495711675
2007-08-01,United States,301300.0,301200.0,180.234,699.0,9.2,241800.0,68.2,94.0,4.6,65.25,1987.0,111251.0,6225.0,3143.0,35436.0,1234.0,2093.0,129300.0,30.174309642218038,69.47506376906009
2007-09-01,United States,292200.0,301200.0,179.122,686.0,9.2,241800.0,68.2,93.0,4.7,39.77,1987.0,111251.0,6225.0,3143.0,35436.0,1234.0,2093.0,129300.0,30.387092156058156,69.8678398965176
2007-10-01,United States,310100.0,305800.0,177.52900000000002,727.0,8.5,238400.0,67.8,94.0,4.7,85.65,2023.0,111724.0,6346.0,3204.0,36003.0,1020.0,2194.0,129634.0,30.60137516481375,70.26283657733528
2007-11-01,United States,316800.0,305800.0,175.16099999999997,641.0,9.4,238400.0,67.8,93.0,4.7,70.77,2023.0,111724.0,6346.0,3204.0,36003.0,1020.0,2194.0,129634.0,30.817169249640905,70.66006636537495
2007-12-01,United States,284400.0,305800.0,173.33700000000002,619.0,9.6,238400.0,67.8,92.0,5.0,127.28,2023.0,111724.0,6346.0,3204.0,36003.0,1020.0,2194.0,129634.0,31.034485066311664,71.05954188547145
2008-01-01,United States,284600.0,290400.0,171.076,627.0,9.3,233900.0,67.8,95.0,5.0,224.7,2060.0,111326.0,6487.0,3217.0,35859.0,1057.0,2286.0,129968.0,31.253333345740202,71.46127583383394
2008-02-01,United States,301200.0,290400.0,169.19,593.0,9.7,233900.0,67.8,99.0,4.9,142.87,2060.0,111326.0,6487.0,3217.0,35859.0,1057.0,2286.0,129968.0,31.473724894512713,71.86528097844938
2008-03-01,United States,287600.0,290400.0,167.90200000000002,535.0,10.5,233900.0,67.8,93.0,5.1,76.0,2060.0,111326.0,6487.0,3217.0,35859.0,1057.0,2286.0,129968.0,31.69567059542103,72.27157015948833
2008-04-01,United States,314300.0,304200.0,167.321,536.0,10.3,235300.0,68.1,92.0,5.0,80.74,2147.0,111601.0,6563.0,3243.0,35650.0,1148.0,2175.0,130303.0,31.919181408000014,72.68015628971308
2008-05-01,United States,298200.0,304200.0,167.019,504.0,10.7,235300.0,68.1,87.0,5.4,70.58,2147.0,111601.0,6563.0,3243.0,35650.0,1148.0,2175.0,130303.0,32.14426836906872,73.09105235488795
2008-06-01,United States,299400.0,304200.0,166.53599999999997,487.0,10.7,235300.0,68.1,84.0,5.6,84.01,2147.0,111601.0,6563.0,3243.0,35650.0,1148.0,2175.0,130303.0,32.370942593275394,73.5042714141921
2008-07-01,United States,301900.0,285100.0,165.713,477.0,10.5,226500.0,67.9,82.0,5.8,65.51,2032.0,111939.0,6464.0,3368.0,35920.0,1144.0,2230.0,130590.0,32.599215273646315,73.91982660063454
2008-08-01,United States,265500.0,285100.0,164.27700000000002,435.0,11.3,226500.0,67.9,79.0,6.1,96.96,2032.0,111939.0,6464.0,3368.0,35920.0,1144.0,2230.0,130590.0,32.82909768213849,74.33773112147152
2008-09-01,United States,287100.0,285100.0,161.912,433.0,10.9,226500.0,67.9,75.0,6.1,626.03,2032.0,111939.0,6464.0,3368.0,35920.0,1144.0,2230.0,130590.0,33.06060117019624,74.7579982586263
2008-10-01,United States,274000.0,276600.0,159.162,393.0,11.6,222500.0,67.5,69.0,6.5,215.88,2070.0,111823.0,6857.0,3542.0,36358.0,955.0,2228.0,130797.0,33.293737169311775,75.18064136911129
2008-11-01,United States,290100.0,276600.0,156.071,389.0,11.4,222500.0,67.5,66.0,6.8,270.26,2070.0,111823.0,6857.0,3542.0,36358.0,955.0,2228.0,130797.0,33.528517191589614,75.60567388545252
2008-12-01,United States,263100.0,276600.0,152.54399999999998,377.0,11.2,222500.0,67.5,62.0,7.3,208.04,2070.0,111823.0,6857.0,3542.0,36358.0,955.0,2228.0,130797.0,33.76495283031509,76.03310931611661
2009-01-01,United States,245200.0,257000.0,149.361,336.0,12.2,208400.0,67.3,57.0,7.8,174.89,2133.0,111862.0,6987.0,3559.0,36610.0,941.0,2123.0,131001.0,34.00305576052679,76.46296124594006
2009-02-01,United States,258600.0,257000.0,147.61700000000002,372.0,10.5,208400.0,67.3,54.0,8.3,204.86,2133.0,111862.0,6987.0,3559.0,36610.0,941.0,2123.0,131001.0,34.2428377395931,76.89524333656102
2009-03-01,United States,259800.0,257000.0,146.514,339.0,11.0,208400.0,67.3,50.0,8.7,212.96,2133.0,111862.0,6987.0,3559.0,36610.0,941.0,2123.0,131001.0,34.48431060779272,77.3299693268535
2009-04-01,United States,269800.0,273400.0,146.942,337.0,10.7,220900.0,67.4,48.0,9.0,130.17,2009.0,112453.0,6712.0,3531.0,36644.0,1083.0,1921.0,131207.0,34.72748628889938,77.76715303336398
2009-05-01,United States,274600.0,273400.0,148.16899999999998,376.0,9.3,220900.0,67.4,48.0,9.4,110.96,2009.0,112453.0,6712.0,3531.0,36644.0,1083.0,1921.0,131207.0,34.972376790770596,78.20680835075058
2009-06-01,United States,274800.0,273400.0,149.796,393.0,8.5,220900.0,67.4,46.0,9.5,85.78,2009.0,112453.0,6712.0,3531.0,36644.0,1083.0,1921.0,131207.0,35.218994205940625,78.64894925222463
2009-07-01,United States,271100.0,274100.0,150.748,411.0,7.9,214300.0,67.6,50.0,9.5,353.57,2071.0,112381.0,6643.0,3429.0,36439.0,1073.0,2000.0,131375.0,35.46735071221759,79.09358978999478
2009-08-01,United States,257800.0,274100.0,150.668,418.0,7.5,214300.0,67.6,48.0,9.6,49.01,2071.0,112381.0,6643.0,3429.0,36439.0,1073.0,2000.0,131375.0,35.717458573284794,79.54074409571363
2009-09-01,United States,290300.0,274100.0,149.628,386.0,7.8,214300.0,67.6,48.0,9.8,96.76,2071.0,112381.0,6643.0,3429.0,36439.0,1073.0,2000.0,131375.0,35.969330139306315,79.99042638092682
2009-10-01,United States,263800.0,272900.0,148.585,396.0,7.4,219000.0,67.2,49.0,10.0,94.64,2135.0,112485.0,6832.0,3520.0,36948.0,909.0,2100.0,131490.0,36.22297784753684,80.44265093752475
2009-11-01,United States,274700.0,272900.0,147.94,375.0,7.6,219000.0,67.2,51.0,9.9,158.42,2135.0,112485.0,6832.0,3520.0,36948.0,909.0,2100.0,131490.0,36.47841422293579,80.89743213819675
2009-12-01,United States,278300.0,272900.0,146.666,352.0,8.0,219000.0,67.2,51.0,9.9,158.19,2135.0,112485.0,6832.0,3520.0,36948.0,909.0,2100.0,131490.0,36.73565187878583,81.35478443688795
2010-01-01,United States,283400.0,275300.0,145.003,345.0,8.1,222900.0,67.1,51.0,9.8,174.05,2225.0,112500.0,7169.0,3646.0,37020.0,846.0,2007.0,131626.0,36.99470351731568,81.81472236925862
2010-02-01,United States,284100.0,275300.0,143.054,336.0,8.3,222900.0,67.1,53.0,9.8,204.83,2225.0,112500.0,7169.0,3646.0,37020.0,846.0,2007.0,131626.0,37.25558193032734,82.2772605531461
2010-03-01,United States,262900.0,275300.0,143.596,381.0,7.1,222900.0,67.1,54.0,9.9,89.89,2225.0,112500.0,7169.0,3646.0,37020.0,846.0,2007.0,131626.0,37.51829999982776,82.7424136890295
2010-04-01,United States,270500.0,268800.0,145.40200000000002,422.0,6.2,219500.0,66.9,55.0,9.9,70.76,2155.0,112726.0,7150.0,3756.0,37309.0,962.0,1976.0,131749.0,37.78287069866494,83.2101965604968
2010-05-01,United States,281100.0,268800.0,147.037,280.0,9.3,219500.0,66.9,57.0,9.6,221.3,2155.0,112726.0,7150.0,3756.0,37309.0,962.0,1976.0,131749.0,38.0493070911685,83.68062403471475
2010-06-01,United States,256700.0,268800.0,147.703,305.0,8.3,219500.0,66.9,55.0,9.4,190.92,2155.0,112726.0,7150.0,3756.0,37309.0,962.0,1976.0,131749.0,38.31762233379482,84.15371106290141
2010-07-01,United States,252100.0,266000.0,147.563,283.0,8.9,224100.0,66.9,52.0,9.4,202.13,2277.0,112941.0,7120.0,3585.0,37409.0,1006.0,1950.0,131874.0,38.587829675776675,84.62947268080127
2010-08-01,United States,268800.0,266000.0,146.42700000000002,282.0,8.8,224100.0,66.9,50.0,9.5,214.97,2277.0,112941.0,7120.0,3585.0,37409.0,1006.0,1950.0,131874.0,38.85994245977747,85.1079240091632
2010-09-01,United States,270800.0,266000.0,144.608,317.0,7.6,224100.0,66.9,47.0,9.5,153.17,2277.0,112941.0,7120.0,3585.0,37409.0,1006.0,1950.0,131874.0,39.13397412255012,85.58908025422093
2010-10-01,United States,254400.0,278000.0,143.128,291.0,8.2,224300.0,66.5,43.0,9.4,298.32,2399.0,113445.0,7296.0,3629.0,38029.0,850.0,2068.0,131995.0,39.40993819560052,86.0729567081764
2010-11-01,United States,281700.0,278000.0,141.816,287.0,8.2,224300.0,66.5,43.0,9.8,163.66,2399.0,113445.0,7296.0,3629.0,38029.0,850.0,2068.0,131995.0,39.687848305855724,86.55956874968577
2010-12-01,United States,291700.0,278000.0,140.625,326.0,7.0,224300.0,66.5,40.0,9.3,180.76,2399.0,113445.0,7296.0,3629.0,38029.0,850.0,2068.0,131995.0,39.96771817633686,87.04893184434815
2011-01-01,United States,275700.0,268100.0,139.032,307.0,7.3,226900.0,66.4,44.0,9.1,114.06,2241.0,113119.0,7431.0,3889.0,38021.0,844.0,2005.0,132117.0,40.24956162683673,87.5410615451972
2011-02-01,United States,262800.0,268100.0,137.727,270.0,8.1,226900.0,66.4,44.0,9.0,84.82,2241.0,113119.0,7431.0,3889.0,38021.0,844.0,2005.0,132117.0,40.53339257460225,88.03597349319536
2011-03-01,United States,260800.0,268100.0,137.781,300.0,7.2,226900.0,66.4,46.0,9.0,81.91,2241.0,113119.0,7431.0,3889.0,38021.0,844.0,2005.0,132117.0,40.81922503502166,88.53368341773101
2011-04-01,United States,268900.0,267600.0,139.156,310.0,6.7,228100.0,65.9,47.0,9.1,75.96,2312.0,113399.0,7346.0,3869.0,38687.0,1017.0,1959.0,132239.0,41.107073122316585,89.0342071371184
2011-05-01,United States,262700.0,267600.0,140.692,305.0,6.6,228100.0,65.9,49.0,9.0,71.4,2312.0,113399.0,7346.0,3869.0,38687.0,1017.0,1959.0,132239.0,41.39695105023902,89.5375605591003
2011-06-01,United States,273100.0,267600.0,141.944,301.0,6.6,228100.0,65.9,50.0,9.1,128.68,2312.0,113399.0,7346.0,3869.0,38687.0,1017.0,1959.0,132239.0,41.68887313277315,90.04375968135368
2011-07-01,United States,270300.0,263000.0,142.342,296.0,6.7,223500.0,66.3,48.0,9.0,320.02,2332.0,113559.0,7161.0,3839.0,38303.0,1164.0,1862.0,132362.0,41.98285378484222,90.5528205919981
2011-08-01,United States,259300.0,263000.0,141.784,299.0,6.5,223500.0,66.3,50.0,9.0,152.92,2332.0,113559.0,7161.0,3839.0,38303.0,1164.0,1862.0,132362.0,42.27890752302028,91.06475947010703
2011-09-01,United States,255400.0,263000.0,140.165,304.0,6.3,223500.0,66.3,56.0,9.0,106.29,2332.0,113559.0,7161.0,3839.0,38303.0,1164.0,1862.0,132362.0,42.57704896624903,91.5795925862221
2011-10-01,United States,258300.0,259700.0,138.405,316.0,6.0,221100.0,66.0,63.0,8.8,106.27,2187.0,114102.0,7122.0,3607.0,38778.0,914.0,1783.0,132491.0,42.877292836559704,92.09733630287015
2011-11-01,United States,250000.0,259700.0,136.66,328.0,5.7,221100.0,66.0,65.0,8.6,90.16,2187.0,114102.0,7122.0,3607.0,38778.0,914.0,1783.0,132491.0,43.179653959800014,92.61800707508328
2011-12-01,United States,262900.0,259700.0,135.162,341.0,5.3,221100.0,66.0,58.0,8.5,193.99,2187.0,114102.0,7122.0,3607.0,38778.0,914.0,1783.0,132491.0,43.48414726636626,93.14162145092189
2012-01-01,United States,265700.0,278000.0,134.162,335.0,5.3,238400.0,65.4,59.0,8.3,92.52,2199.0,114145.0,7633.0,4053.0,39530.0,848.0,1653.0,132619.0,43.79078779194055,93.66819607200051
2012-02-01,United States,274000.0,278000.0,133.991,366.0,4.8,238400.0,65.4,58.0,8.3,51.9,2199.0,114145.0,7633.0,4053.0,39530.0,848.0,1653.0,132619.0,44.099590678233305,94.19774767401682
2012-03-01,United States,283600.0,278000.0,135.859,354.0,4.9,238400.0,65.4,57.0,8.2,82.22,2199.0,114145.0,7633.0,4053.0,39530.0,848.0,1653.0,132619.0,44.410571173730894,94.73029308728346
2012-04-01,United States,287900.0,282700.0,138.466,354.0,4.9,238700.0,65.5,55.0,8.2,111.81,2413.0,114228.0,7613.0,3930.0,39377.0,1051.0,1595.0,132748.0,44.72374463444863,95.26584923726296
2012-05-01,United States,280900.0,282700.0,141.043,370.0,4.7,238700.0,65.5,54.0,8.2,108.36,2413.0,114228.0,7613.0,3930.0,39377.0,1051.0,1595.0,132748.0,45.03912652468902,95.80443314510568
2012-06-01,United States,271800.0,282700.0,143.166,360.0,4.8,238700.0,65.5,54.0,8.2,222.24,2413.0,114228.0,7613.0,3930.0,39377.0,1051.0,1595.0,132748.0,45.35673241780538,96.34606192819079
2012-07-01,United States,282300.0,294500.0,144.281,369.0,4.6,248800.0,65.5,54.0,8.2,109.48,2271.0,114741.0,7191.0,3808.0,39634.0,1111.0,1476.0,132890.0,45.67657799697088,96.89075280067026
2012-08-01,United States,305500.0,294500.0,144.704,375.0,4.6,248800.0,65.5,54.0,8.1,259.97,2271.0,114741.0,7191.0,3808.0,39634.0,1111.0,1476.0,132890.0,45.99867905595289,97.43852307401599
2012-09-01,United States,297700.0,294500.0,144.355,385.0,4.5,248800.0,65.5,53.0,7.8,217.0,2271.0,114741.0,7191.0,3808.0,39634.0,1111.0,1476.0,132890.0,46.323051499892955,97.98939015757
2012-10-01,United States,285400.0,297700.0,143.96200000000002,358.0,4.9,251700.0,65.4,53.0,7.8,141.64,2257.0,115125.0,7303.0,3759.0,39854.0,939.0,1499.0,133062.0,46.649711346092104,98.54337155909775
2012-11-01,United States,290700.0,297700.0,143.953,392.0,4.6,251700.0,65.4,54.0,7.7,251.56,2257.0,115125.0,7303.0,3759.0,39854.0,939.0,1499.0,133062.0,46.97867472480183,99.10048488534454
2012-12-01,United States,299200.0,297700.0,143.86,399.0,4.5,251700.0,65.4,56.0,7.9,249.99,2257.0,115125.0,7303.0,3759.0,39854.0,939.0,1499.0,133062.0,47.30995788002054,99.66074784259513
2013-01-01,United States,306900.0,307400.0,144.305,446.0,4.0,258400.0,65.0,57.0,8.0,126.24,2306.0,114778.0,7617.0,3980.0,40178.0,955.0,1611.0,133234.0,47.64357717029574,100.22417823723647
2013-02-01,United States,312500.0,307400.0,145.157,447.0,4.1,258400.0,65.0,59.0,7.7,234.74,2306.0,114778.0,7617.0,3980.0,40178.0,955.0,1611.0,133234.0,47.97954906953174,100.79079397632363
2013-03-01,United States,300200.0,307400.0,147.957,444.0,4.2,258400.0,65.0,56.0,7.5,154.03,2306.0,114778.0,7617.0,3980.0,40178.0,955.0,1611.0,133234.0,48.31789016780317,101.3606130681489
2013-04-01,United States,337000.0,320400.0,150.967,441.0,4.4,268100.0,65.0,60.0,7.6,81.56,2461.0,115244.0,7513.0,3790.0,40337.0,1157.0,1467.0,133408.0,48.65861717217417,101.93365362281415
2013-05-01,United States,314000.0,320400.0,153.857,428.0,4.6,268100.0,65.0,59.0,7.5,66.84,2461.0,115244.0,7513.0,3790.0,40337.0,1157.0,1467.0,133408.0,49.00174690752337,102.50993385280645
2013-06-01,United States,306100.0,320400.0,156.423,470.0,4.1,268100.0,65.0,61.0,7.5,122.13,2461.0,115244.0,7513.0,3790.0,40337.0,1157.0,1467.0,133408.0,49.347296317374706,103.08947207357684
2013-07-01,United States,329900.0,324400.0,158.281,375.0,5.5,264800.0,65.3,58.0,7.3,77.62,2415.0,115415.0,7315.0,3695.0,40097.0,1192.0,1478.0,133593.0,49.69528246473408,103.67228670412247
2013-08-01,United States,310800.0,324400.0,159.388,381.0,5.5,264800.0,65.3,62.0,7.2,101.91,2415.0,115415.0,7315.0,3695.0,40097.0,1192.0,1478.0,133593.0,50.04572253293189,104.25839626757197
2013-09-01,United States,321400.0,324400.0,159.668,403.0,5.4,264800.0,65.3,65.0,7.2,156.8,2415.0,115415.0,7315.0,3695.0,40097.0,1192.0,1478.0,133593.0,50.39863382647158,104.84781939177418
2013-10-01,United States,335700.0,334400.0,159.554,444.0,4.9,273600.0,65.2,63.0,7.2,67.75,2388.0,115712.0,7392.0,3780.0,40284.0,997.0,1597.0,133799.0,50.75403377188408,105.44057480989018
2013-11-01,United States,335600.0,334400.0,159.364,446.0,5.0,273600.0,65.2,62.0,6.9,93.59,2388.0,115712.0,7392.0,3780.0,40284.0,997.0,1597.0,133799.0,51.11193991858835,106.03668136098868
2013-12-01,United States,321200.0,334400.0,159.281,433.0,5.2,273600.0,65.2,61.0,6.7,130.03,2388.0,115712.0,7392.0,3780.0,40284.0,997.0,1597.0,133799.0,51.47236993975793,106.63615799064472
2014-01-01,United States,337300.0,331400.0,159.368,443.0,5.1,275200.0,64.8,57.0,6.6,44.12,2299.0,115552.0,7587.0,3915.0,40636.0,1028.0,1532.0,134005.0,51.83534163319367,107.23902375154186
2014-02-01,United States,325900.0,331400.0,159.869,420.0,5.3,275200.0,64.8,61.0,6.7,71.2,2299.0,115552.0,7587.0,3915.0,40636.0,1028.0,1532.0,134005.0,52.20087292220253,107.84529780407772
2014-03-01,United States,331500.0,331400.0,161.185,405.0,5.6,275200.0,64.8,62.0,6.7,45.06,2299.0,115552.0,7587.0,3915.0,40636.0,1028.0,1532.0,134005.0,52.56898185648263,108.45499941697284
2014-04-01,United States,325100.0,340600.0,162.964,403.0,5.7,288000.0,64.7,63.0,6.2,35.13,2444.0,115992.0,7758.0,4004.0,40976.0,1129.0,1435.0,134212.0,52.93968661301457,109.0681479678832
2014-05-01,United States,323500.0,340600.0,164.678,451.0,5.2,288000.0,64.7,64.0,6.3,62.38,2444.0,115992.0,7758.0,4004.0,40976.0,1129.0,1435.0,134212.0,53.313005496958965,109.68476294401606
2014-06-01,United States,338100.0,340600.0,166.207,418.0,5.7,288000.0,64.7,63.0,6.1,43.97,2444.0,115992.0,7758.0,4004.0,40976.0,1129.0,1435.0,134212.0,53.688956942560324,110.30486394274924
2014-07-01,United States,345200.0,340400.0,167.13099999999997,402.0,6.2,281000.0,64.4,68.0,6.2,87.58,2300.0,116253.0,7636.0,3934.0,41407.0,1167.0,1380.0,134423.0,54.06755951405737,110.92847067225402
2014-08-01,United States,356200.0,340400.0,167.446,456.0,5.4,281000.0,64.4,67.0,6.1,31.79,2300.0,116253.0,7636.0,3934.0,41407.0,1167.0,1380.0,134423.0,54.44883190659969,111.55560295212155
2014-09-01,United States,319100.0,340400.0,167.236,470.0,5.4,281000.0,64.4,67.0,5.9,41.03,2300.0,116253.0,7636.0,3934.0,41407.0,1167.0,1380.0,134423.0,54.832792947170915,112.18628071399263
2014-10-01,United States,377500.0,369400.0,166.90400000000002,476.0,5.3,298900.0,64.0,67.0,5.7,103.08,1942.0,117686.0,7126.0,3809.0,42416.0,968.0,1463.0,134642.0,55.21946159551836,112.82052400219133
2014-11-01,United States,348900.0,369400.0,166.65200000000002,442.0,5.7,298900.0,64.0,66.0,5.8,41.6,1942.0,117686.0,7126.0,3809.0,42416.0,968.0,1463.0,134642.0,55.608856945089265,113.45835297436196
2014-12-01,United States,373200.0,369400.0,166.454,497.0,5.1,298900.0,64.0,66.0,5.6,127.2,1942.0,117686.0,7126.0,3809.0,42416.0,968.0,1463.0,134642.0,56.00099822397361,114.0997879021097
2015-01-01,United States,348300.0,348000.0,166.24200000000002,515.0,4.8,289200.0,63.7,65.0,5.7,82.5,1906.0,117360.0,7230.0,3877.0,42631.0,986.0,1424.0,134862.0,56.39590479585358,114.74484917164497
2015-02-01,United States,346300.0,348000.0,166.623,540.0,4.5,289200.0,63.7,65.0,5.5,70.02,1906.0,117360.0,7230.0,3877.0,42631.0,986.0,1424.0,134862.0,56.793596160959744,115.39355728443127
2015-03-01,United States,349300.0,348000.0,168.081,480.0,5.1,289200.0,63.7,67.0,5.4,88.25,1906.0,117360.0,7230.0,3877.0,42631.0,986.0,1424.0,134862.0,57.19409195703394,116.04593285783677
2015-04-01,United States,340400.0,339700.0,169.965,502.0,4.9,289100.0,63.4,67.0,5.4,39.66,2044.0,117702.0,7163.0,3836.0,43029.0,1134.0,1385.0,135081.0,57.597411960299006,116.70199662578965
2015-05-01,United States,336200.0,339700.0,171.84599999999998,502.0,5.0,289100.0,63.4,69.0,5.6,86.03,2044.0,117702.0,7163.0,3836.0,43029.0,1134.0,1385.0,135081.0,58.003576086435295,117.36176943943693
2015-06-01,United States,326900.0,339700.0,173.446,480.0,5.4,289100.0,63.4,68.0,5.3,122.02,2044.0,117702.0,7163.0,3836.0,43029.0,1134.0,1385.0,135081.0,58.4126043915641,118.0252722678073
2015-07-01,United States,341200.0,347400.0,174.49099999999999,506.0,5.2,295800.0,63.7,74.0,5.2,29.32,2093.0,117799.0,7166.0,3803.0,42770.0,1194.0,1426.0,135309.0,58.82451707323802,118.69252619847748
2015-08-01,United States,343300.0,347400.0,174.93,518.0,5.0,295800.0,63.7,74.0,5.1,113.96,2093.0,117799.0,7166.0,3803.0,42770.0,1194.0,1426.0,135309.0,59.2393344714383,119.3635524382425
2015-09-01,United States,357200.0,347400.0,175.03400000000002,456.0,5.9,295800.0,63.7,72.0,5.0,77.75,2093.0,117799.0,7166.0,3803.0,42770.0,1194.0,1426.0,135309.0,59.657077069579195,120.0383723137896
2015-10-01,United States,368900.0,366700.0,175.03799999999998,482.0,5.6,302500.0,63.8,74.0,5.0,46.01,2033.0,118264.0,7352.0,3896.0,42758.0,1018.0,1452.0,135552.0,60.07776549551946,120.71700727237612
2015-11-01,United States,373200.0,366700.0,175.128,504.0,5.5,302500.0,63.8,75.0,5.1,61.99,2033.0,118264.0,7352.0,3896.0,42758.0,1018.0,1452.0,135552.0,60.50142052258089,121.39947888251115
2015-12-01,United States,352500.0,366700.0,175.1,546.0,5.1,302500.0,63.8,76.0,5.0,59.74,2033.0,118264.0,7352.0,3896.0,42758.0,1018.0,1452.0,135552.0,60.928063070574126,122.08580883464093
2016-01-01,United States,361200.0,357000.0,175.021,505.0,5.6,299800.0,63.5,78.0,4.8,94.57,2093.0,118038.0,7605.0,3938.0,43047.0,973.0,1317.0,135795.0,61.35771420683167,122.77601894183832
2016-02-01,United States,341700.0,357000.0,175.267,517.0,5.5,299800.0,63.5,77.0,4.9,65.74,2093.0,118038.0,7605.0,3938.0,43047.0,973.0,1317.0,135795.0,61.79039514724816,123.470131140496
2016-03-01,United States,359000.0,357000.0,176.59099999999998,532.0,5.5,299800.0,63.5,79.0,5.0,36.42,2093.0,118038.0,7605.0,3938.0,43047.0,973.0,1317.0,135795.0,62.22612725732799,124.16816749102371
2016-04-01,United States,369300.0,357900.0,178.488,576.0,5.0,306000.0,62.9,79.0,5.1,45.03,2085.0,118772.0,7337.0,3824.0,44045.0,1083.0,1311.0,136039.0,62.66493205324033,124.87015017854934
2016-05-01,United States,349700.0,357900.0,180.33700000000002,571.0,5.1,306000.0,62.9,79.0,4.8,48.19,2085.0,118772.0,7337.0,3824.0,44045.0,1083.0,1311.0,136039.0,63.1068312028816,125.57610151362404
2016-06-01,United States,357800.0,357900.0,181.907,557.0,5.3,306000.0,62.9,80.0,4.9,96.08,2085.0,118772.0,7337.0,3824.0,44045.0,1083.0,1311.0,136039.0,63.551846526945404,126.28604393293129
2016-07-01,United States,353000.0,358800.0,183.00799999999998,628.0,4.5,303800.0,63.5,75.0,4.8,117.46,2054.0,119129.0,7157.0,3780.0,43451.0,1183.0,1359.0,136289.0,64.0,127.0
2016-08-01,United States,355100.0,358800.0,183.645,575.0,5.0,303800.0,63.5,80.0,4.9,45.98,2054.0,119129.0,7157.0,3780.0,43451.0,1183.0,1359.0,136289.0,67.0,126.0
2016-09-01,United States,366100.0,358800.0,183.933,558.0,5.2,303800.0,63.5,83.0,5.0,34.93,2054.0,119129.0,7157.0,3780.0,43451.0,1183.0,1359.0,136289.0,71.0,126.0
2016-10-01,United States,352200.0,364900.0,184.00599999999997,575.0,5.2,310900.0,63.7,84.0,4.9,95.82,2181.0,119226.0,7368.0,3708.0,43251.0,998.0,1407.0,136554.0,72.0,127.0
2016-11-01,United States,363400.0,364900.0,184.217,571.0,5.2,310900.0,63.7,87.0,4.7,63.67,2181.0,119226.0,7368.0,3708.0,43251.0,998.0,1407.0,136554.0,74.0,126.0
2016-12-01,United States,382500.0,364900.0,184.389,561.0,5.4,310900.0,63.7,94.0,4.7,127.18,2181.0,119226.0,7368.0,3708.0,43251.0,998.0,1407.0,136554.0,83.0,125.0
2017-01-01,United States,357700.0,374800.0,184.642,573.0,5.4,313100.0,63.6,100.0,4.7,139.29,2077.0,119435.0,7306.0,3794.0,43475.0,991.0,1298.0,136818.0,88.0,126.0
2017-02-01,United States,370500.0,374800.0,185.01,587.0,5.3,313100.0,63.6,94.0,4.6,114.25,2077.0,119435.0,7306.0,3794.0,43475.0,991.0,1298.0,136818.0,82.0,128.0
2017-03-01,United States,384400.0,374800.0,186.518,632.0,5.0,313100.0,63.6,89.0,4.4,221.37,2077.0,119435.0,7306.0,3794.0,43475.0,991.0,1298.0,136818.0,62.0,130.0
2017-04-01,United States,365800.0,376900.0,188.53099999999998,598.0,5.4,318200.0,63.7,89.0,4.4,224.35,2224.0,119447.0,7484.0,3865.0,43383.0,1268.0,1205.0,137083.0,58.0,132.0
2017-05-01,United States,378400.0,376900.0,190.52599999999998,635.0,5.1,318200.0,63.7,88.0,4.4,168.16,2224.0,119447.0,7484.0,3865.0,43383.0,1268.0,1205.0,137083.0,55.0,133.0
2017-06-01,United States,370600.0,376900.0,192.252,619.0,5.3,318200.0,63.7,89.0,4.3,111.89,2224.0,119447.0,7484.0,3865.0,43383.0,1268.0,1205.0,137083.0,56.0,134.0
2017-07-01,United States,372400.0,373200.0,193.49599999999998,572.0,5.8,320500.0,63.9,84.0,4.3,80.96,2243.0,119669.0,7437.0,3963.0,43150.0,1386.0,1255.0,137354.0,59.0,134.0
2017-08-01,United States,369200.0,373200.0,194.33,556.0,6.1,320500.0,63.9,90.0,4.4,43.34,2243.0,119669.0,7437.0,3963.0,43150.0,1386.0,1255.0,137354.0,61.0,133.0
2017-09-01,United States,379300.0,373200.0,194.801,637.0,5.3,320500.0,63.9,92.0,4.3,44.96,2243.0,119669.0,7437.0,3963.0,43150.0,1386.0,1255.0,137354.0,64.0,133.0
2017-10-01,United States,394000.0,399700.0,195.06799999999998,626.0,5.5,337900.0,64.2,97.0,4.2,50.39,2186.0,120821.0,7345.0,3805.0,43230.0,1005.0,1268.0,137637.0,68.0,134.0
2017-11-01,United States,388500.0,399700.0,195.435,711.0,4.8,337900.0,64.2,100.0,4.2,101.48,2186.0,120821.0,7345.0,3805.0,43230.0,1005.0,1268.0,137637.0,71.0,133.0
2017-12-01,United States,402900.0,399700.0,195.832,630.0,5.6,337900.0,64.2,108.0,4.1,174.9,2186.0,120821.0,7345.0,3805.0,43230.0,1005.0,1268.0,137637.0,78.0,133.0
2018-01-01,United States,377800.0,374600.0,196.101,590.0,6.0,331800.0,64.2,104.0,4.0,71.84,2239.0,120662.0,7662.0,4028.0,43249.0,1035.0,1167.0,137920.0,83.0,134.0
2018-02-01,United States,373600.0,374600.0,196.891,618.0,5.7,331800.0,64.2,102.0,4.1,46.68,2239.0,120662.0,7662.0,4028.0,43249.0,1035.0,1167.0,137920.0,76.0,136.0
2018-03-01,United States,369200.0,374600.0,198.558,679.0,5.2,331800.0,64.2,101.0,4.0,67.64,2239.0,120662.0,7662.0,4028.0,43249.0,1035.0,1167.0,137920.0,58.0,139.0
2018-04-01,United States,385100.0,378400.0,200.597,642.0,5.6,315600.0,64.3,98.0,4.0,86.67,2102.0,121143.0,7543.0,4144.0,43289.0,1185.0,1161.0,138203.0,54.0,142.0
2018-05-01,United States,372600.0,378400.0,202.43400000000003,662.0,5.5,315600.0,64.3,97.0,3.8,77.32,2102.0,121143.0,7543.0,4144.0,43289.0,1185.0,1161.0,138203.0,51.0,144.0
2018-06-01,United States,370100.0,378400.0,204.02599999999998,636.0,5.8,315600.0,64.3,97.0,4.0,114.66,2102.0,121143.0,7543.0,4144.0,43289.0,1185.0,1161.0,138203.0,51.0,144.0
2018-07-01,United States,392300.0,392900.0,204.935,628.0,6.0,330900.0,64.4,95.0,3.8,91.35,2098.0,121267.0,7463.0,3962.0,43225.0,1153.0,1255.0,138488.0,55.0,144.0
2018-08-01,United States,380900.0,392900.0,205.313,593.0,6.5,330900.0,64.4,97.0,3.8,121.46,2098.0,121267.0,7463.0,3962.0,43225.0,1153.0,1255.0,138488.0,58.0,143.0
2018-09-01,United States,386400.0,392900.0,205.359,595.0,6.6,330900.0,64.4,95.0,3.7,83.77,2098.0,121267.0,7463.0,3962.0,43225.0,1153.0,1255.0,138488.0,60.0,144.0
2018-10-01,United States,394900.0,384000.0,205.354,554.0,7.2,322800.0,64.8,92.0,3.8,79.07,2017.0,122396.0,7166.0,3782.0,43079.0,1060.0,1183.0,138778.0,64.0,144.0
2018-11-01,United States,367100.0,384000.0,205.092,625.0,6.4,322800.0,64.8,90.0,3.8,136.43,2017.0,122396.0,7166.0,3782.0,43079.0,1060.0,1183.0,138778.0,66.0,144.0
2018-12-01,United States,381800.0,384000.0,204.68099999999998,546.0,7.6,322800.0,64.8,90.0,3.9,149.82,2017.0,122396.0,7166.0,3782.0,43079.0,1060.0,1183.0,138778.0,75.0,144.0
2019-01-01,United States,361100.0,375500.0,204.18200000000002,595.0,7.0,313000.0,64.2,88.0,4.0,126.24,2071.0,122255.0,7424.0,3975.0,43723.0,1028.0,1090.0,139069.0,81.0,144.0
2019-02-01,United States,383600.0,375500.0,204.40599999999998,648.0,6.3,313000.0,64.2,91.0,3.8,125.24,2071.0,122255.0,7424.0,3975.0,43723.0,1028.0,1090.0,139069.0,75.0,147.0
2019-03-01,United States,372700.0,375500.0,205.755,718.0,5.6,313000.0,64.2,91.0,3.8,134.75,2071.0,122255.0,7424.0,3975.0,43723.0,1028.0,1090.0,139069.0,65.0,149.0
2019-04-01,United States,385400.0,376700.0,207.672,702.0,5.7,322500.0,64.1,93.0,3.7,75.34,2190.0,122329.0,7695.0,4136.0,43887.0,1180.0,1043.0,139360.0,54.0,151.0
2019-05-01,United States,379100.0,376700.0,209.33700000000002,618.0,6.5,322500.0,64.1,93.0,3.6,94.35,2190.0,122329.0,7695.0,4136.0,43887.0,1180.0,1043.0,139360.0,52.0,153.0
2019-06-01,United States,361900.0,376700.0,210.571,729.0,5.4,322500.0,64.1,94.0,3.6,114.41,2190.0,122329.0,7695.0,4136.0,43887.0,1180.0,1043.0,139360.0,53.0,152.0
2019-07-01,United States,373500.0,382700.0,211.321,648.0,6.1,318400.0,64.8,95.0,3.7,103.01,2217.0,122617.0,7625.0,4040.0,43196.0,1177.0,1177.0,139655.0,57.0,152.0
2019-08-01,United States,392700.0,382700.0,211.68,712.0,5.5,318400.0,64.8,97.0,3.6,135.02,2217.0,122617.0,7625.0,4040.0,43196.0,1177.0,1177.0,139655.0,59.0,151.0
2019-09-01,United States,372100.0,382700.0,211.858,712.0,5.4,318400.0,64.8,98.0,3.5,113.0,2217.0,122617.0,7625.0,4040.0,43196.0,1177.0,1177.0,139655.0,62.0,150.0
2019-10-01,United States,380300.0,384600.0,211.952,722.0,5.3,327100.0,65.1,99.0,3.6,133.29,2155.0,123848.0,7289.0,3873.0,43233.0,980.0,1145.0,139961.0,64.0,150.0
2019-11-01,United States,384400.0,384600.0,212.09099999999998,713.0,5.4,327100.0,65.1,100.0,3.6,41.19,2155.0,123848.0,7289.0,3873.0,43233.0,980.0,1145.0,139961.0,67.0,150.0
2019-12-01,United States,377700.0,384600.0,212.22299999999998,700.0,5.5,327100.0,65.1,98.0,3.6,105.75,2155.0,123848.0,7289.0,3873.0,43233.0,980.0,1145.0,139961.0,77.0,149.0
2020-01-01,United States,384000.0,383000.0,212.385,689.0,5.7,329000.0,65.3,101.0,3.6,122.2,2093.0,124299.0,7476.0,4020.0,43094.0,835.0,934.0,140266.0,82.0,149.0
2020-02-01,United States,386200.0,383000.0,213.205,707.0,5.6,329000.0,65.3,104.0,3.5,225.32,2093.0,124299.0,7476.0,4020.0,43094.0,835.0,934.0,140266.0,73.0,151.0
2020-03-01,United States,375400.0,383000.0,215.179,626.0,6.4,329000.0,65.3,97.0,4.4,516.55,2093.0,124299.0,7476.0,4020.0,43094.0,835.0,934.0,140266.0,57.0,155.0
2020-04-01,United States,358900.0,371100.0,217.22099999999998,576.0,6.8,317100.0,67.9,74.0,14.8,440.07,1918.0,126726.0,6258.0,3463.0,40739.0,910.0,758.0,140602.0,60.0,155.0
2020-05-01,United States,366900.0,371100.0,218.467,707.0,5.3,317100.0,67.9,80.0,13.2,557.19,1918.0,126726.0,6258.0,3463.0,40739.0,910.0,758.0,140602.0,68.0,159.0
2020-06-01,United States,377900.0,371100.0,219.794,901.0,4.0,317100.0,67.9,85.0,11.0,292.37,1918.0,126726.0,6258.0,3463.0,40739.0,910.0,758.0,140602.0,62.0,163.0
2020-07-01,United States,384500.0,400600.0,221.554,981.0,3.5,327900.0,67.4,97.0,10.2,384.08,1860.0,126672.0,6080.0,3258.0,41258.0,923.0,821.0,140921.0,53.0,166.0
2020-08-01,United States,390600.0,400600.0,224.03599999999997,1016.0,3.4,327900.0,67.4,94.0,8.4,169.1,1860.0,126672.0,6080.0,3258.0,41258.0,923.0,821.0,140921.0,51.0,168.0
2020-09-01,United States,411300.0,400600.0,226.787,979.0,3.5,327900.0,67.4,95.0,7.8,207.77,1860.0,126672.0,6080.0,3258.0,41258.0,923.0,821.0,140921.0,50.0,171.0
2020-10-01,United States,394400.0,396900.0,229.797,1031.0,3.3,338600.0,65.8,100.0,6.9,186.36,2072.0,125814.0,6929.0,3592.0,43004.0,1021.0,841.0,141260.0,51.0,173.0
2020-11-01,United States,397500.0,396900.0,232.299,877.0,3.9,338600.0,65.8,101.0,6.7,156.15,2072.0,125814.0,6929.0,3592.0,43004.0,1021.0,841.0,141260.0,54.0,174.0
2020-12-01,United States,386800.0,396900.0,234.34799999999998,874.0,4.1,338600.0,65.8,104.0,6.7,307.12,2072.0,125814.0,6929.0,3592.0,43004.0,1021.0,841.0,141260.0,62.0,173.0
2021-01-01,United States,411900.0,417400.0,236.42,898.0,4.1,355000.0,65.6,109.0,6.4,199.79,1974.0,125996.0,6988.0,3787.0,43385.0,941.0,736.0,141599.0,66.0,175.0
2021-02-01,United States,423700.0,417400.0,239.2,778.0,4.8,355000.0,65.6,102.0,6.2,194.65,1974.0,125996.0,6988.0,3787.0,43385.0,941.0,736.0,141599.0,56.0,181.0
2021-03-01,United States,408100.0,417400.0,244.195,871.0,4.3,355000.0,65.6,111.0,6.1,136.03,1974.0,125996.0,6988.0,3787.0,43385.0,941.0,736.0,141599.0,45.0,186.0
2021-04-01,United States,427100.0,428600.0,249.801,828.0,4.6,367800.0,65.4,104.0,6.1,125.83,1976.0,126279.0,7047.0,3906.0,43698.0,1118.0,722.0,141938.0,37.0,192.0
2021-05-01,United States,429300.0,428600.0,255.424,725.0,5.5,367800.0,65.4,104.0,5.8,74.69,1976.0,126279.0,7047.0,3906.0,43698.0,1118.0,722.0,141938.0,35.0,196.0
2021-06-01,United States,422200.0,428600.0,261.147,695.0,6.0,367800.0,65.4,103.0,5.9,133.65,1976.0,126279.0,7047.0,3906.0,43698.0,1118.0,722.0,141938.0,33.0,197.0
2021-07-01,United States,437000.0,468000.0,265.482,726.0,6.0,395200.0,65.4,103.0,5.4,116.35,2035.0,127090.0,7019.0,3746.0,44039.0,1222.0,723.0,142299.0,35.0,196.0
2021-08-01,United States,493100.0,468000.0,268.756,686.0,6.6,395200.0,65.4,102.0,5.1,166.77,2035.0,127090.0,7019.0,3746.0,44039.0,1222.0,723.0,142299.0,37.0,196.0
2021-09-01,United States,462900.0,468000.0,271.407,728.0,6.2,395200.0,65.4,103.0,4.7,142.53,2035.0,127090.0,7019.0,3746.0,44039.0,1222.0,723.0,142299.0,41.0,197.0
2021-10-01,United States,479500.0,496700.0,273.61400000000003,684.0,6.8,414000.0,65.5,107.0,4.5,97.73,2052.0,127696.0,6912.0,3690.0,44053.0,947.0,728.0,142706.0,43.0,197.0
2021-11-01,United States,493700.0,496700.0,275.981,789.0,5.9,414000.0,65.5,112.0,4.2,117.24,2052.0,127696.0,6912.0,3690.0,44053.0,947.0,728.0,142706.0,46.0,196.0
2021-12-01,United States,501900.0,496700.0,278.555,825.0,5.6,414000.0,65.5,109.0,3.9,132.09,2052.0,127696.0,6912.0,3690.0,44053.0,947.0,728.0,142706.0,53.0,195.0
2022-01-01,United States,487800.0,499300.0,281.932,807.0,5.8,413500.0,65.4,119.0,4.0,184.81,2093.0,127928.0,6999.0,3716.0,44284.0,931.0,668.0,143112.0,59.0,197.0
2022-02-01,United States,495700.0,499300.0,287.152,788.0,6.0,413500.0,65.4,120.0,3.8,167.06,2093.0,127928.0,6999.0,3716.0,44284.0,931.0,668.0,143112.0,41.0,205.0
2022-03-01,United States,493200.0,499300.0,294.95,720.0,6.8,413500.0,65.4,123.0,3.7,81.85,2093.0,127928.0,6999.0,3716.0,44284.0,931.0,668.0,143112.0,34.0,213.0
2022-04-01,United States,538000.0,525100.0,301.573,624.0,8.3,437700.0,65.8,122.0,3.7,281.5,2274.0,128206.0,7242.0,3717.0,43851.0,1078.0,716.0,143519.0,30.0,219.0
2022-05-01,United States,508900.0,525100.0,306.33799999999997,644.0,8.2,437700.0,65.8,120.0,3.6,72.9,2274.0,128206.0,7242.0,3717.0,43851.0,1078.0,716.0,143519.0,30.0,225.0
2022-06-01,United States,501900.0,525100.0,308.13599999999997,549.0,9.7,437700.0,65.8,120.0,3.6,158.37,2274.0,128206.0,7242.0,3717.0,43851.0,1078.0,716.0,143519.0,31.0,227.0
2022-07-01,United States,541200.0,520300.0,306.978,519.0,10.6,438000.0,66.0,115.0,3.5,118.84,2121.0,128580.0,7158.0,3826.0,43669.0,992.0,752.0,143919.0,34.0,226.0
2022-08-01,United States,515600.0,520300.0,303.561,638.0,8.7,438000.0,66.0,114.0,3.6,126.46,2121.0,128580.0,7158.0,3826.0,43669.0,992.0,752.0,143919.0,41.0,222.0
2022-09-01,United States,496400.0,520300.0,300.39599999999996,552.0,10.1,438000.0,66.0,108.0,3.5,192.84,2121.0,128580.0,7158.0,3826.0,43669.0,992.0,752.0,143919.0,47.0,220.0
2022-10-01,United States,526000.0,521000.0,298.61,579.0,9.7,442600.0,65.9,102.0,3.6,161.13,2015.0,129718.0,6673.0,3545.0,44283.0,815.0,721.0,144308.0,50.0,218.0
2022-11-01,United States,506100.0,521000.0,296.79400000000004,597.0,9.2,442600.0,65.9,97.0,3.6,89.9,2015.0,129718.0,6673.0,3545.0,44283.0,815.0,721.0,144308.0,55.0,215.0
2022-12-01,United States,516100.0,521000.0,294.286,621.0,8.7,442600.0,65.9,93.0,3.5,162.78,2015.0,129718.0,6673.0,3545.0,44283.0,815.0,721.0,144308.0,65.0,213.0
2023-01-01,United States,486900.0,505300.0,292.777,650.0,8.1,429000.0,66.0,88.0,3.5,158.19,2152.0,129600.0,6929.0,3622.0,44119.0,877.0,664.0,144697.0,72.0,214.0
2023-02-01,United States,499100.0,505300.0,293.57,636.0,8.2,429000.0,66.0,85.0,3.6,88.38,2152.0,129600.0,6929.0,3622.0,44119.0,877.0,664.0,144697.0,65.0,217.0
2023-03-01,United States,519600.0,505300.0,297.5,651.0,7.9,429000.0,66.0,83.0,3.5,144.99,2152.0,129600.0,6929.0,3622.0,44119.0,877.0,664.0,144697.0,52.0,220.0
2023-04-01,United States,500900.0,503000.0,301.63,665.0,7.7,418500.0,65.9,84.0,3.4,209.08,2008.0,130044.0,6808.0,3627.0,44300.0,1020.0,650.0,145085.0,46.0,222.0
2023-05-01,United States,495800.0,503000.0,305.504,739.0,6.9,418500.0,65.9,86.0,3.6,264.79,2008.0,130044.0,6808.0,3627.0,44300.0,1020.0,650.0,145085.0,43.0,225.0
2023-06-01,United States,507800.0,503000.0,308.461,674.0,7.7,418500.0,65.9,87.0,3.6,96.85,2008.0,130044.0,6808.0,3627.0,44300.0,1020.0,650.0,145085.0,44.0,225.0
2023-07-01,United States,507600.0,521900.0,310.382,702.0,7.3,435400.0,66.0,88.0,3.5,81.19,1999.0,130312.0,6693.0,3552.0,44346.0,1018.0,732.0,145474.0,45.0,224.0
2023-08-01,United States,530400.0,521900.0,311.748,645.0,8.0,435400.0,66.0,90.0,3.7,167.14,1999.0,130312.0,6693.0,3552.0,44346.0,1018.0,732.0,145474.0,46.0,223.0
2023-09-01,United States,515000.0,521900.0,312.60200000000003,681.0,7.7,435400.0,66.0,97.0,3.8,113.8,1999.0,130312.0,6693.0,3552.0,44346.0,1018.0,732.0,145474.0,48.0,222.0
2023-10-01,United States,498800.0,498300.0,312.964,681.0,7.8,423200.0,65.7,94.0,3.9,42.38,1906.0,131113.0,6409.0,3450.0,44953.0,783.0,756.0,145863.0,50.0,221.0
2023-11-01,United States,489000.0,498300.0,312.20799999999997,610.0,8.8,423200.0,65.7,93.0,3.7,147.72,1906.0,131113.0,6409.0,3450.0,44953.0,783.0,756.0,145863.0,52.0,221.0
2023-12-01,United States,493000.0,498300.0,311.02,643.0,8.4,423200.0,65.7,97.0,3.8,221.29,1906.0,131113.0,6409.0,3450.0,44953.0,783.0,756.0,145863.0,61.0,219.0
2024-01-01,United States,527800.0,519700.0,310.884,681.0,8.1,426800.0,65.6,91.0,3.7,81.76,2138.0,130982.0,6899.0,3608.0,45002.0,737.0,727.0,146252.0,69.0,221.0
2024-02-01,United States,509700.0,519700.0,312.805,658.0,8.4,426800.0,65.6,102.0,3.9,105.86,2138.0,130982.0,6899.0,3608.0,45002.0,737.0,727.0,146252.0,61.0,224.0
2024-03-01,United States,522500.0,519700.0,316.985,692.0,8.1,426800.0,65.6,102.0,3.9,89.56,2138.0,130982.0,6899.0,3608.0,45002.0,737.0,727.0,146252.0,50.0,228.0
2024-04-01,United States,500600.0,502200.0,320.902,719.0,7.7,414500.0,65.6,104.0,3.9,111.88,2066.0,131414.0,6764.0,3642.0,45155.0,940.0,829.0,146640.0,47.0,230.0
2024-05-01,United States,499300.0,502200.0,323.828,665.0,8.5,414500.0,65.6,100.0,4.0,72.4,2066.0,131414.0,6764.0,3642.0,45155.0,940.0,829.0,146640.0,45.0,233.0
2024-06-01,United States,495500.0,502200.0,325.377,671.0,8.4,414500.0,65.6,101.0,4.1,130.99,2066.0,131414.0,6764.0,3642.0,45155.0,940.0,829.0,146640.0,48.0,232.0
2024-07-01,United States,513200.0,498700.0,325.688,710.0,7.9,415300.0,65.6,104.0,4.2,53.04,1879.0,132114.0,6225.0,3321.0,45494.0,995.0,893.0,147029.0,51.0,230.0
2024-08-01,United States,475600.0,498700.0,325.135,693.0,8.2,415300.0,65.6,104.0,4.2,66.18,1879.0,132114.0,6225.0,3321.0,45494.0,995.0,893.0,147029.0,53.0,228.0
2024-09-01,United States,505800.0,498700.0,324.76,717.0,7.9,415300.0,65.6,107.0,4.1,116.24,1879.0,132114.0,6225.0,3321.0,45494.0,995.0,893.0,147029.0,55.0,227.0
2024-10-01,United States,521900.0,510900.0,324.087,621.0,9.3,419300.0,65.7,106.0,4.1,107.64,1955.0,132404.0,6577.0,3538.0,45462.0,803.0,969.0,147418.0,57.0,226.0
2024-11-01,United States,483000.0,510900.0,323.785,675.0,8.7,419300.0,65.7,109.0,4.2,123.13,1955.0,132404.0,6577.0,3538.0,45462.0,803.0,969.0,147418.0,61.0,224.0
2024-12-01,United States,508900.0,510900.0,323.361,718.0,8.2,419300.0,65.7,104.0,4.1,109.44,1955.0,132404.0,6577.0,3538.0,45462.0,803.0,969.0,147418.0,70.0,222.0
2025-01-01,United States,518200.0,503800.0,323.748,662.0,9.0,416900.0,65.1,106.0,4.0,495.78,2056.0,132236.0,6684.0,3497.0,46149.0,868.0,942.0,147807.0,73.0,224.0
